model,train_fraction,run_idx,relation,relation_id,wave,reflexivity,symmetry,transitive,train_rows,valid_rows,test_rows,fit_time_s,predict_time_s,f1,precision,recall,accuracy,positive_rate_true,positive_rate_pred,tp,fp,fn,tn,average_precision,roc_auc
tabpfn,0.8,0,symmetric,A01,1,none,symmetric,0,2000,250,250,0.3614916370715946,0.7845494429348037,0.6318840579710145,0.48660714285714285,0.9008264462809917,0.492,0.484,0.896,109,115,12,14,0.4827882660926087,0.4885322570311999
tabicl,0.8,0,symmetric,A01,1,none,symmetric,0,2000,250,250,0.37008015206083655,0.2533839850220829,0.6068111455108359,0.48514851485148514,0.8099173553719008,0.492,0.484,0.808,98,104,23,25,0.531166025618967,0.5481773335895956
tabpfn,0.8,1,symmetric,A01,1,none,symmetric,0,2000,250,250,0.5345476539805532,0.38555620901752263,0.6413043478260869,0.472,1.0,0.472,0.472,1.0,118,132,0,0,0.5034722303673488,0.5090844889573704
tabicl,0.8,1,symmetric,A01,1,none,symmetric,0,2000,250,250,0.3489755099872127,0.16334149590693414,0.6392961876832844,0.48878923766816146,0.923728813559322,0.508,0.472,0.892,109,114,9,18,0.5088539293502062,0.5198061119671289
tabpfn,0.8,2,symmetric,A01,1,none,symmetric,0,2000,250,250,0.24072690692264587,0.3905936779920012,0.0,0.0,0.0,0.456,0.544,0.0,0,0,136,114,0.5594661644801694,0.5103521671826625
tabicl,0.8,2,symmetric,A01,1,none,symmetric,0,2000,250,250,0.3451840460766107,0.16452565102372319,0.5151515151515151,0.53125,0.5,0.488,0.544,0.512,68,60,68,54,0.5633981256386169,0.5118679050567595
tabpfn,0.8,3,symmetric,A01,1,none,symmetric,0,2000,250,250,0.2670008890563622,0.3873875599820167,0.0,0.0,0.0,0.492,0.508,0.0,0,0,127,123,0.5348797635318695,0.5572946674348633
tabicl,0.8,3,symmetric,A01,1,none,symmetric,0,2000,250,250,0.35055795300286263,0.16224569000769407,0.5806451612903226,0.5328947368421053,0.6377952755905512,0.532,0.508,0.608,81,71,46,52,0.49131942721087746,0.49727930350169647
tabpfn,0.8,4,symmetric,A01,1,none,symmetric,0,2000,250,250,0.2592562399804592,0.3896937209647149,0.0,0.0,0.0,0.476,0.524,0.0,0,0,131,119,0.5371146158688633,0.5132144460837771
tabicl,0.8,4,symmetric,A01,1,none,symmetric,0,2000,250,250,0.3492834080243483,0.1621291710762307,0.5756457564575646,0.5571428571428572,0.5954198473282443,0.54,0.524,0.56,78,62,53,57,0.5505091276115017,0.5303739816537302
tabpfn,0.8,5,symmetric,A01,1,none,symmetric,0,2000,250,250,0.27430242800619453,0.3874344009673223,0.015037593984962405,1.0,0.007575757575757576,0.476,0.528,0.004,1,0,131,118,0.5655049692780444,0.5209938366718028
tabicl,0.8,5,symmetric,A01,1,none,symmetric,0,2000,250,250,0.35781686392147094,0.16144604294095188,0.4541832669322709,0.4789915966386555,0.4318181818181818,0.452,0.528,0.476,57,62,75,56,0.5420836113907215,0.5025359527478171
tabpfn,0.8,6,symmetric,A01,1,none,symmetric,0,2000,250,250,0.2556567450519651,0.38666936405934393,0.6520547945205479,0.4897119341563786,0.9754098360655737,0.492,0.488,0.972,119,124,3,4,0.479470993758727,0.4707351434426229
tabicl,0.8,6,symmetric,A01,1,none,symmetric,0,2000,250,250,0.34449435805436224,0.1630742170382291,0.6191950464396285,0.4975124378109453,0.819672131147541,0.508,0.488,0.804,100,101,22,27,0.46593295221470826,0.47553790983606564
tabpfn,0.8,7,symmetric,A01,1,none,symmetric,0,2000,250,250,0.2556509239366278,0.3903909190557897,0.4596774193548387,0.456,0.4634146341463415,0.464,0.492,0.5,57,68,66,59,0.48385566633390037,0.48863709109532033
tabicl,0.8,7,symmetric,A01,1,none,symmetric,0,2000,250,250,0.35463121603243053,0.16427583107724786,0.5611510791366906,0.5032258064516129,0.6341463414634146,0.512,0.492,0.62,78,77,45,50,0.47763786224855104,0.5020805326163499
tabpfn,0.8,8,symmetric,A01,1,none,symmetric,0,2000,250,250,0.24884958297479898,0.39652101299725473,0.04316546762589928,0.42857142857142855,0.022727272727272728,0.468,0.528,0.028,3,4,129,114,0.5366187241793419,0.5138353877760657
tabicl,0.8,8,symmetric,A01,1,none,symmetric,0,2000,250,250,0.3557590520940721,0.16290130699053407,0.41702127659574467,0.47572815533980584,0.3712121212121212,0.452,0.528,0.412,49,54,83,64,0.5045864245837165,0.446680790960452
tabpfn,0.8,9,symmetric,A01,1,none,symmetric,0,2000,250,250,0.24302842700853944,0.38595765794161707,0.0,0.0,0.0,0.444,0.556,0.0,0,0,139,111,0.5133150871137819,0.4583252317065266
tabicl,0.8,9,symmetric,A01,1,none,symmetric,0,2000,250,250,0.3512416610028595,0.1618314019870013,0.4200913242009132,0.575,0.33093525179856115,0.492,0.556,0.32,46,34,93,77,0.5377478448590449,0.47942186791107655
tabpfn,0.4,0,symmetric,A01,1,none,symmetric,0,1000,250,1250,0.19503662502393126,0.41638462094124407,0.4659090909090909,0.47753743760399336,0.4548335974643423,0.4736,0.5048,0.4808,287,314,344,305,0.48723482108784966,0.4675400484908689
tabicl,0.4,0,symmetric,A01,1,none,symmetric,0,1000,250,1250,0.3509984820848331,0.2150287110125646,0.524873828406633,0.48148148148148145,0.5768621236133122,0.4728,0.5048,0.6048,364,392,267,227,0.5011600453798812,0.482563513053363
tabpfn,0.4,1,symmetric,A01,1,none,symmetric,0,1000,250,1250,0.1899845969164744,0.4129849550081417,0.6240875912408759,0.5034347399411188,0.8208,0.5056,0.5,0.8152,513,506,112,119,0.505601788544038,0.5088256
tabicl,0.4,1,symmetric,A01,1,none,symmetric,0,1000,250,1250,0.4027604879811406,0.18063060496933758,0.6187419768934531,0.5166130760986066,0.7712,0.5248,0.5,0.7464,482,451,143,174,0.507148870629393,0.5223667200000001
tabpfn,0.4,2,symmetric,A01,1,none,symmetric,0,1000,250,1250,0.19878081895876676,0.41701050905976444,0.0,0.0,0.0,0.5128,0.4872,0.0,0,0,609,641,0.47032616733676336,0.4787290999029124
tabicl,0.4,2,symmetric,A01,1,none,symmetric,0,1000,250,1250,0.3254293870413676,0.18425616901367903,0.03492063492063492,0.5238095238095238,0.0180623973727422,0.5136,0.4872,0.0168,11,10,598,631,0.47717335475646355,0.49176420258780795
tabpfn,0.4,3,symmetric,A01,1,none,symmetric,0,1000,250,1250,0.19881519896443933,0.42476291593629867,0.0,0.0,0.0,0.4992,0.5008,0.0,0,0,626,624,0.47812277281355525,0.4595403764233637
tabicl,0.4,3,symmetric,A01,1,none,symmetric,0,1000,250,1250,0.32845776400063187,0.1771435389528051,0.23317307692307693,0.470873786407767,0.15495207667731628,0.4896,0.5008,0.1648,97,109,529,515,0.5042733968103286,0.5018393647087737
tabpfn,0.4,4,symmetric,A01,1,none,symmetric,0,1000,250,1250,0.1853546448983252,0.42137687106151134,0.5800130633572829,0.4852459016393443,0.7207792207792207,0.4856,0.4928,0.732,444,471,172,163,0.4759817405447492,0.47946582203285676
tabicl,0.4,4,symmetric,A01,1,none,symmetric,0,1000,250,1250,0.33135160303208977,0.1807724239770323,0.5369318181818182,0.4772727272727273,0.6136363636363636,0.4784,0.4928,0.6336,378,414,238,220,0.48715341255051847,0.4841183067720922
tabpfn,0.4,5,symmetric,A01,1,none,symmetric,0,1000,250,1250,0.19772366399411112,0.41791899502277374,0.0,0.0,0.0,0.4944,0.5056,0.0,0,0,632,618,0.5022202062830237,0.4891071135963295
tabicl,0.4,5,symmetric,A01,1,none,symmetric,0,1000,250,1250,0.3245926710078493,0.17899802001193166,0.24431137724550897,0.5024630541871922,0.16139240506329114,0.4952,0.5056,0.1624,102,101,530,517,0.5041393763570887,0.4974115153004793
tabpfn,0.4,6,symmetric,A01,1,none,symmetric,0,1000,250,1250,0.26982214697636664,0.41316790389828384,0.6486486486486487,0.48,1.0,0.48,0.48,1.0,600,650,0,0,0.47902831075705865,0.4938128205128205
tabicl,0.4,6,symmetric,A01,1,none,symmetric,0,1000,250,1250,0.33389828202780336,0.1793804990593344,0.6354285714285715,0.4834782608695652,0.9266666666666666,0.4896,0.48,0.92,556,594,44,56,0.47418968037306847,0.4905564102564102
tabpfn,0.4,7,symmetric,A01,1,none,symmetric,0,1000,250,1250,0.2080151119735092,0.419230337953195,0.6638161411010155,0.4968,1.0,0.4968,0.4968,1.0,621,629,0,0,0.5095882779769799,0.5087965203054716
tabicl,0.4,7,symmetric,A01,1,none,symmetric,0,1000,250,1250,0.3273974669864401,0.17920515011064708,0.5638148667601683,0.4993788819875776,0.6473429951690821,0.5024,0.4968,0.644,402,403,219,226,0.49169427436463764,0.494920751954
tabpfn,0.4,8,symmetric,A01,1,none,symmetric,0,1000,250,1250,0.20351664908230305,0.4132752950536087,0.0,0.0,0.0,0.48,0.52,0.0,0,0,650,600,0.5195679950056651,0.5027307692307692
tabicl,0.4,8,symmetric,A01,1,none,symmetric,0,1000,250,1250,0.326771009946242,0.17865280399564654,0.026986506746626688,0.5294117647058824,0.013846153846153847,0.4808,0.52,0.0136,9,8,641,592,0.522742768937305,0.5076410256410256
tabpfn,0.4,9,symmetric,A01,1,none,symmetric,0,1000,250,1250,0.18816032295580953,0.42230013699736446,0.0031545741324921135,0.5,0.0015822784810126582,0.4944,0.5056,0.0016,1,1,631,617,0.49812075707241565,0.48320685346769904
tabicl,0.4,9,symmetric,A01,1,none,symmetric,0,1000,250,1250,0.32781419809907675,0.17903529002796859,0.33776867963152507,0.4782608695652174,0.2610759493670886,0.4824,0.5056,0.276,165,180,467,438,0.5053154453701223,0.5039966613411986
tabpfn,0.2,0,symmetric,A01,1,none,symmetric,0,500,250,1750,0.16828101594001055,0.4195227180607617,0.6600306278713629,0.49257142857142855,1.0,0.49257142857142855,0.49257142857142855,1.0,862,888,0,0,0.4837400749578372,0.4901137361259171
tabicl,0.2,0,symmetric,A01,1,none,symmetric,0,500,250,1750,0.32727755908854306,0.15662930300459266,0.5661835748792271,0.48509933774834435,0.679814385150812,0.4868571428571429,0.49257142857142855,0.6902857142857143,586,622,276,266,0.49093539506202544,0.49809721264187623
tabpfn,0.2,1,symmetric,A01,1,none,symmetric,0,500,250,1750,0.18109992297831923,0.4378797729732469,0.1835032437442076,0.4900990099009901,0.11288483466362599,0.49657142857142855,0.5011428571428571,0.11542857142857142,99,103,778,770,0.50709189563567,0.5031451592889955
tabicl,0.2,1,symmetric,A01,1,none,symmetric,0,500,250,1750,0.33240550803020597,0.15584354707971215,0.4485154769425142,0.5028328611898017,0.4047890535917902,0.5011428571428571,0.5011428571428571,0.4034285714285714,355,351,522,522,0.5029466521380419,0.5026488301653168
tabpfn,0.2,2,symmetric,A01,1,none,symmetric,0,500,250,1750,0.17397382098715752,0.41297871607821435,0.0,0.0,0.0,0.49257142857142855,0.5074285714285715,0.0,0,0,888,862,0.49500078671743064,0.48881581697706983
tabicl,0.2,2,symmetric,A01,1,none,symmetric,0,500,250,1750,0.3200517389923334,0.15506927901878953,0.1369334619093539,0.47651006711409394,0.07995495495495496,0.48857142857142855,0.5074285714285715,0.08514285714285715,71,78,817,784,0.5038905085781807,0.4966653863840639
tabpfn,0.2,3,symmetric,A01,1,none,symmetric,0,500,250,1750,0.17381103208754212,0.4135058029787615,0.5019220208676551,0.4716202270381837,0.5363849765258216,0.4817142857142857,0.4868571428571429,0.5537142857142857,457,512,395,386,0.4738104194122243,0.48152127314742205
tabicl,0.2,3,symmetric,A01,1,none,symmetric,0,500,250,1750,0.4983930520247668,0.15317920700181276,0.5536945812807882,0.4770797962648557,0.6596244131455399,0.48228571428571426,0.4868571428571429,0.6731428571428572,562,616,290,282,0.4729271002085381,0.4814657245626693
tabpfn,0.2,4,symmetric,A01,1,none,symmetric,0,500,250,1750,0.17568301397841424,0.41369458194822073,0.6635980053701572,0.49913444893248704,0.9897025171624714,0.49885714285714283,0.49942857142857144,0.9902857142857143,865,868,9,8,0.49082701235105114,0.4901498646855375
tabicl,0.2,4,symmetric,A01,1,none,symmetric,0,500,250,1750,0.33957436797209084,0.16376571403816342,0.6557507987220448,0.503680981595092,0.9393592677345538,0.5074285714285715,0.49942857142857144,0.9314285714285714,821,809,53,67,0.5157628188294623,0.5161835313417552
tabpfn,0.2,5,symmetric,A01,1,none,symmetric,0,500,250,1750,0.161658072960563,0.4127639459911734,0.4906976744186046,0.501187648456057,0.4806378132118451,0.49942857142857144,0.5017142857142857,0.48114285714285715,422,420,456,452,0.4966103299844369,0.49950301456604884
tabicl,0.2,5,symmetric,A01,1,none,symmetric,0,500,250,1750,0.3317205209750682,0.15482745005283505,0.5432616675406398,0.5034013605442177,0.5899772209567198,0.5022857142857143,0.5017142857142857,0.588,518,511,360,361,0.5051186929042385,0.5032385686819503
tabpfn,0.2,6,symmetric,A01,1,none,symmetric,0,500,250,1750,0.15895636391360313,0.43297906196676195,0.6356846473029045,0.4970798182998053,0.8814729574223246,0.4982857142857143,0.49657142857142855,0.8805714285714286,766,775,103,106,0.4919539509555779,0.4959397274516745
tabicl,0.2,6,symmetric,A01,1,none,symmetric,0,500,250,1750,0.33642918104305863,0.1545881120255217,0.5291622481442205,0.49065880039331367,0.5742232451093211,0.49257142857142855,0.49657142857142855,0.5811428571428572,499,518,370,363,0.4926780834379547,0.4946309312176639
tabpfn,0.2,7,symmetric,A01,1,none,symmetric,0,500,250,1750,0.1743583499919623,0.4178225550567731,0.6402535657686212,0.4849939975990396,0.9417249417249417,0.48114285714285715,0.49028571428571427,0.952,808,858,50,34,0.5026361348048995,0.5064638276521685
tabicl,0.2,7,symmetric,A01,1,none,symmetric,0,500,250,1750,0.326035785023123,0.1555977469542995,0.6338028169014085,0.4916452442159383,0.8916083916083916,0.4948571428571429,0.49028571428571427,0.8891428571428571,765,791,93,101,0.4882460618909159,0.49879399374915073
tabpfn,0.2,8,symmetric,A01,1,none,symmetric,0,500,250,1750,0.16987889795564115,0.4194043190218508,0.2565789473684211,0.4482758620689655,0.17972350230414746,0.48342857142857143,0.496,0.19885714285714284,156,192,712,690,0.48531656658337285,0.48008558262014484
tabicl,0.2,8,symmetric,A01,1,none,symmetric,0,500,250,1750,0.32874061295296997,0.155097909970209,0.4859484777517564,0.49404761904761907,0.478110599078341,0.4982857142857143,0.496,0.48,415,425,453,457,0.4930534342397722,0.5016340637637543
tabpfn,0.2,9,symmetric,A01,1,none,symmetric,0,500,250,1750,0.178922011051327,0.4207883640192449,0.6635838150289017,0.5005813953488372,0.984,0.5011428571428571,0.5,0.9828571428571429,861,859,14,16,0.48090507208345173,0.4752528979591837
tabicl,0.2,9,symmetric,A01,1,none,symmetric,0,500,250,1750,0.35100762103684247,0.15507829003036022,0.6205059920106525,0.5072568940493469,0.7988571428571428,0.5114285714285715,0.5,0.7874285714285715,699,679,176,196,0.5033336781180893,0.5041750204081632
tabpfn,0.1,0,symmetric,A01,1,none,symmetric,0,250,250,2000,0.16192186204716563,0.4176572050200775,0.6572675394427661,0.4895,1.0,0.4895,0.4895,1.0,979,1021,0,0,0.4866483935054864,0.49176436808632606
tabicl,0.1,0,symmetric,A01,1,none,symmetric,0,250,250,2000,0.3266149809351191,0.14775768108665943,0.6186937817755181,0.5012674271229405,0.8079673135852911,0.5125,0.4895,0.789,791,787,188,234,0.507341150603189,0.5305569756262511
tabpfn,0.1,1,symmetric,A01,1,none,symmetric,0,250,250,2000,0.16252652904950082,0.41836014296859503,0.0,0.0,0.0,0.4965,0.5035,0.0,0,0,1007,993,0.49672540796287706,0.48981050071453497
tabicl,0.1,1,symmetric,A01,1,none,symmetric,0,250,250,2000,0.3344377391040325,0.14773143094498664,0.3076923076923077,0.48,0.22641509433962265,0.487,0.5035,0.2375,228,247,779,746,0.5009159706880785,0.49601430470093033
tabpfn,0.1,2,symmetric,A01,1,none,symmetric,0,250,250,2000,0.16413771198131144,0.4191525790374726,0.6239876590821443,0.505625,0.8147029204431017,0.5125,0.4965,0.8,809,791,184,216,0.5046055452562443,0.5115820675213085
tabicl,0.1,2,symmetric,A01,1,none,symmetric,0,250,250,2000,0.33969290705863386,0.148017369909212,0.47874015748031495,0.5,0.459214501510574,0.5035,0.4965,0.456,456,456,537,551,0.5067618474031019,0.5140571888022514
tabpfn,0.1,3,symmetric,A01,1,none,symmetric,0,250,250,2000,0.16035690798889846,0.4193940591067076,0.3058984910836763,0.4922737306843267,0.2218905472636816,0.494,0.5025,0.2265,223,230,782,765,0.49448142315156024,0.4934028350708768
tabicl,0.1,3,symmetric,A01,1,none,symmetric,0,250,250,2000,0.33153754100203514,0.1478742299368605,0.15028901734104047,0.441747572815534,0.09054726368159204,0.4855,0.5025,0.103,91,115,914,880,0.48834778910451987,0.4809695242381059
tabpfn,0.1,4,symmetric,A01,1,none,symmetric,0,250,250,2000,0.16643261397257447,0.41922404896467924,0.6430092264017033,0.4929270946681175,0.9244897959183673,0.497,0.49,0.919,906,932,74,88,0.4778576183894653,0.4874154661864746
tabicl,0.1,4,symmetric,A01,1,none,symmetric,0,250,250,2000,0.34692403790540993,0.14817885891534388,0.5673036093418259,0.4858181818181818,0.6816326530612244,0.4905,0.49,0.6875,668,707,312,313,0.48741886880703605,0.49730442176870754
tabpfn,0.1,5,symmetric,A01,1,none,symmetric,0,250,250,2000,0.1658466550288722,0.4241906189126894,0.015763546798029555,0.6153846153846154,0.007984031936127744,0.5005,0.501,0.0065,8,5,994,993,0.5002187833706068,0.48938345753383017
tabicl,0.1,5,symmetric,A01,1,none,symmetric,0,250,250,2000,0.3418071389896795,0.14807853801175952,0.38946723821187995,0.5039619651347068,0.31736526946107785,0.5015,0.501,0.3155,318,313,684,685,0.5042742158378049,0.49322097288389155
tabpfn,0.1,6,symmetric,A01,1,none,symmetric,0,250,250,2000,0.1747460289625451,0.4210949119878933,0.5061184532550171,0.49097815764482433,0.5222222222222223,0.4955,0.495,0.5265,517,536,473,474,0.49096788021639287,0.49121462146214623
tabicl,0.1,6,symmetric,A01,1,none,symmetric,0,250,250,2000,0.34665038902312517,0.14824836794286966,0.47340980187695514,0.4892241379310345,0.4585858585858586,0.495,0.495,0.464,454,474,536,536,0.4921460775806303,0.4958385838583858
tabpfn,0.1,7,symmetric,A01,1,none,symmetric,0,250,250,2000,0.1579326179344207,0.433302360936068,0.6360071301247772,0.48930334613274823,0.9083503054989817,0.4895,0.491,0.9115,892,931,90,87,0.4838898740000345,0.4816035395468132
tabicl,0.1,7,symmetric,A01,1,none,symmetric,0,250,250,2000,0.3356126439757645,0.14835272799246013,0.5962632006498781,0.49594594594594593,0.7474541751527495,0.503,0.491,0.74,734,746,248,272,0.5012874391278594,0.5115247340138205
tabpfn,0.1,8,symmetric,A01,1,none,symmetric,0,250,250,2000,0.16726742906030267,0.4229232840007171,0.606841046277666,0.5067204301075269,0.7562688064192578,0.5115,0.4985,0.744,754,734,243,269,0.49642529691014564,0.5013245119206072
tabicl,0.1,8,symmetric,A01,1,none,symmetric,0,250,250,2000,0.32661313097923994,0.19547090400010347,0.48895582329317266,0.4894472361809045,0.4884653961885657,0.491,0.4985,0.4975,487,508,510,495,0.49783973367115086,0.4965549689947209
tabpfn,0.1,9,symmetric,A01,1,none,symmetric,0,250,250,2000,0.1544131119735539,0.4210758719127625,0.6666666666666666,0.5048395313295976,0.9811881188118812,0.5045,0.505,0.9815,991,972,19,18,0.49742298040209204,0.49474997499749973
tabicl,0.1,9,symmetric,A01,1,none,symmetric,0,250,250,2000,0.3259564150357619,0.148132169037126,0.6055118110236221,0.5026143790849673,0.7613861386138614,0.499,0.505,0.765,769,761,241,229,0.5000476823879714,0.49658365836583657
tabpfn,0.8,0,antisymmetric,A02,1,none,antisymmetric,0,2000,250,250,0.24546811799518764,0.38876491400878876,0.0,0.0,0.0,0.428,0.572,0.0,0,0,143,107,0.5913911139152693,0.5372524671590092
tabicl,0.8,0,antisymmetric,A02,1,none,antisymmetric,0,2000,250,250,0.5577401568880305,0.16755422903224826,0.19883040935672514,0.6071428571428571,0.11888111888111888,0.452,0.572,0.112,17,11,126,96,0.5937842653848965,0.5224821907064897
tabpfn,0.8,1,antisymmetric,A02,1,none,antisymmetric,0,2000,250,250,0.22691922297235578,0.3869336430216208,0.0,0.0,0.0,0.456,0.536,0.008,0,2,134,114,0.5276361232535702,0.48961013896037053
tabicl,0.8,1,antisymmetric,A02,1,none,antisymmetric,0,2000,250,250,0.34044585400260985,0.16479169996455312,0.4423963133640553,0.5783132530120482,0.3582089552238806,0.516,0.536,0.332,48,35,86,81,0.5637002116491304,0.5221950591868245
tabpfn,0.8,2,antisymmetric,A02,1,none,antisymmetric,0,2000,250,250,0.2353756979573518,0.38676478306297213,0.4715447154471545,0.5043478260869565,0.44274809160305345,0.48,0.524,0.46,58,57,73,62,0.5058157464218175,0.4792481878247482
tabicl,0.8,2,antisymmetric,A02,1,none,antisymmetric,0,2000,250,250,0.3336606629891321,0.16489145800005645,0.5151515151515151,0.5112781954887218,0.5190839694656488,0.488,0.524,0.532,68,65,63,54,0.5729079718742105,0.5105523125280647
tabpfn,0.8,3,antisymmetric,A02,1,none,antisymmetric,0,2000,250,250,0.22130744601599872,0.3882540670456365,0.0,0.0,0.0,0.464,0.536,0.0,0,0,134,116,0.565382838185697,0.508170355120947
tabicl,0.8,3,antisymmetric,A02,1,none,antisymmetric,0,2000,250,250,0.33260447590146214,0.16465214092750102,0.02877697841726619,0.4,0.014925373134328358,0.46,0.536,0.02,2,3,132,113,0.5425470296918598,0.5143463715903243
tabpfn,0.8,4,antisymmetric,A02,1,none,antisymmetric,0,2000,250,250,0.21899907500483096,0.3868846530094743,0.6559139784946236,0.488,1.0,0.488,0.488,1.0,122,128,0,0,0.5051499018326403,0.5203317110655739
tabicl,0.8,4,antisymmetric,A02,1,none,antisymmetric,0,2000,250,250,0.33099937497172505,0.16469666990451515,0.6382978723404256,0.5072463768115942,0.860655737704918,0.524,0.488,0.828,105,102,17,26,0.5270604410206378,0.5548155737704917
tabpfn,0.8,5,antisymmetric,A02,1,none,antisymmetric,0,2000,250,250,0.22700499300844967,0.3880147479940206,0.5684931506849316,0.46629213483146065,0.7280701754385965,0.496,0.456,0.712,83,95,31,41,0.4556987341088245,0.5060629514963881
tabicl,0.8,5,antisymmetric,A02,1,none,antisymmetric,0,2000,250,250,0.3313407120294869,0.16767515800893307,0.5132075471698113,0.4503311258278146,0.5964912280701754,0.484,0.456,0.604,68,83,46,53,0.43712296880237067,0.48703560371517024
tabpfn,0.8,6,antisymmetric,A02,1,none,antisymmetric,0,2000,250,250,0.21584681898821145,0.387883318006061,0.0,0.0,0.0,0.448,0.552,0.0,0,0,138,112,0.6324730081374975,0.553797877846791
tabicl,0.8,6,antisymmetric,A02,1,none,antisymmetric,0,2000,250,250,0.3383890329860151,0.16716247994918376,0.4581497797356828,0.5842696629213483,0.37681159420289856,0.508,0.552,0.356,52,37,86,75,0.5851537014479433,0.5516627846790891
tabpfn,0.8,7,antisymmetric,A02,1,none,antisymmetric,0,2000,250,250,0.22002322098705918,0.3914434650214389,0.6591549295774648,0.5154185022026432,0.9140625,0.516,0.512,0.908,117,110,11,12,0.5446231809959701,0.528016137295082
tabicl,0.8,7,antisymmetric,A02,1,none,antisymmetric,0,2000,250,250,0.4081846149638295,0.16475976002402604,0.5753424657534246,0.5121951219512195,0.65625,0.504,0.512,0.656,84,80,44,42,0.5204814605653061,0.4933081454918033
tabpfn,0.8,8,antisymmetric,A02,1,none,antisymmetric,0,2000,250,250,0.22338480700273067,0.38812065904494375,0.5134099616858238,0.475177304964539,0.5583333333333333,0.492,0.48,0.564,67,74,53,56,0.4990043102140522,0.5189102564102563
tabicl,0.8,8,antisymmetric,A02,1,none,antisymmetric,0,2000,250,250,0.36025349190458655,0.16350693593267351,0.4366812227074236,0.45871559633027525,0.4166666666666667,0.484,0.48,0.436,50,59,70,71,0.4944792820827071,0.4917948717948718
tabpfn,0.8,9,antisymmetric,A02,1,none,antisymmetric,0,2000,250,250,0.22633695602416992,0.38761606998741627,0.26136363636363635,0.48936170212765956,0.17829457364341086,0.48,0.516,0.188,23,24,106,97,0.5430149379111157,0.5015696072778525
tabicl,0.8,9,antisymmetric,A02,1,none,antisymmetric,0,2000,250,250,0.33479572797659785,0.1639072330435738,0.4200913242009132,0.5111111111111111,0.35658914728682173,0.492,0.516,0.36,46,44,83,77,0.5347166590533428,0.4841117304119418
tabpfn,0.4,0,antisymmetric,A02,1,none,antisymmetric,0,1000,250,1250,0.1844050189247355,0.41332699405029416,0.6566362170875873,0.4888,1.0,0.4888,0.4888,1.0,611,639,0,0,0.49485587713347823,0.5030159132646397
tabicl,0.4,0,antisymmetric,A02,1,none,antisymmetric,0,1000,250,1250,0.3352595859905705,0.1811020519817248,0.6318874560375146,0.4922374429223744,0.8821603927986906,0.4976,0.4888,0.876,539,556,72,83,0.5128707311276569,0.5163205089785852
tabpfn,0.4,1,antisymmetric,A02,1,none,antisymmetric,0,1000,250,1250,0.19417738798074424,0.4123987479833886,0.6498630136986301,0.48806584362139915,0.9721311475409836,0.4888,0.488,0.972,593,622,17,18,0.47338453423585247,0.48819031762295084
tabicl,0.4,1,antisymmetric,A02,1,none,antisymmetric,0,1000,250,1250,0.3296486889012158,0.18030989507678896,0.582365003417635,0.49941383352872215,0.6983606557377049,0.5112,0.488,0.6824,426,427,184,213,0.486644990516046,0.4972079918032787
tabpfn,0.4,2,antisymmetric,A02,1,none,antisymmetric,0,1000,250,1250,0.18202577799092978,0.40657730191014707,0.648854961832061,0.4849225753871231,0.9802306425041186,0.4848,0.4856,0.9816,595,632,12,11,0.4883693875583753,0.5045298372281904
tabicl,0.4,2,antisymmetric,A02,1,none,antisymmetric,0,1000,250,1250,0.32685931003652513,0.180401616031304,0.6217315514235909,0.48025134649910234,0.8813838550247117,0.4792,0.4856,0.8912,535,579,72,64,0.49570994804106544,0.5137867953195099
tabpfn,0.4,3,antisymmetric,A02,1,none,antisymmetric,0,1000,250,1250,0.17989836703054607,0.4128444050438702,0.6559139784946236,0.488,1.0,0.488,0.488,1.0,610,640,0,0,0.48416938678042604,0.4838985655737705
tabicl,0.4,3,antisymmetric,A02,1,none,antisymmetric,0,1000,250,1250,0.33353144407738,0.18179596995469183,0.6169822846670739,0.4917234664070107,0.8278688524590164,0.4984,0.488,0.8216,505,522,105,118,0.4749145841028348,0.4859298155737705
tabpfn,0.4,4,antisymmetric,A02,1,none,antisymmetric,0,1000,250,1250,0.39913713291753083,0.4268234570045024,0.10285714285714286,0.5070422535211268,0.057233704292527825,0.4976,0.5032,0.0568,36,35,593,586,0.49453585767993286,0.48731980061903335
tabicl,0.4,4,antisymmetric,A02,1,none,antisymmetric,0,1000,250,1250,0.35715239599812776,0.1822546279290691,0.4598290598290598,0.49722735674676527,0.4276629570747218,0.4944,0.5032,0.4328,269,272,360,349,0.49615227087776403,0.4965489786461654
tabpfn,0.4,5,antisymmetric,A02,1,none,antisymmetric,0,1000,250,1250,0.1771994079463184,0.41996527602896094,0.006349206349206349,0.6666666666666666,0.003189792663476874,0.4992,0.5016,0.0024,2,1,625,622,0.48579812416896384,0.4789156240959907
tabicl,0.4,5,antisymmetric,A02,1,none,antisymmetric,0,1000,250,1250,0.3433133920188993,0.1857278640381992,0.32996632996632996,0.5568181818181818,0.23444976076555024,0.5224,0.5016,0.2112,147,117,480,506,0.5087486612254011,0.5088781709124701
tabpfn,0.4,6,antisymmetric,A02,1,none,antisymmetric,0,1000,250,1250,0.1753905159421265,0.4262916990555823,0.2579908675799087,0.45564516129032256,0.17993630573248406,0.48,0.5024,0.1984,113,135,515,487,0.4781341166710448,0.46781749851516585
tabicl,0.4,6,antisymmetric,A02,1,none,antisymmetric,0,1000,250,1250,0.3425842949654907,0.1820877289865166,0.38953488372093026,0.4975247524752475,0.3200636942675159,0.496,0.5024,0.3232,201,203,427,419,0.5025491344697696,0.4923838245233171
tabpfn,0.4,7,antisymmetric,A02,1,none,antisymmetric,0,1000,250,1250,0.18370548100210726,0.4258801309624687,0.48107653490328006,0.5053003533568905,0.4590690208667737,0.5064,0.4984,0.4528,286,280,337,347,0.5039428753558001,0.5197480422199521
tabicl,0.4,7,antisymmetric,A02,1,none,antisymmetric,0,1000,250,1250,0.3659106999402866,0.18264069594442844,0.5450581395348837,0.49800796812749004,0.6019261637239165,0.4992,0.4984,0.6024,375,378,248,249,0.49568617300326034,0.49493882817360046
tabpfn,0.4,8,antisymmetric,A02,1,none,antisymmetric,0,1000,250,1250,0.18107945297379047,0.43501003296114504,0.6641711229946524,0.49759615384615385,0.9983922829581994,0.4976,0.4976,0.9984,621,627,1,1,0.4908354719741864,0.5014515534437913
tabicl,0.4,8,antisymmetric,A02,1,none,antisymmetric,0,1000,250,1250,0.34779636503662914,0.1843709290260449,0.5623678646934461,0.5006273525721455,0.6414790996784566,0.5032,0.4976,0.6376,399,398,223,230,0.49647590024006194,0.4949144428287628
tabpfn,0.4,9,antisymmetric,A02,1,none,antisymmetric,0,1000,250,1250,0.18419606005772948,0.4297156760003418,0.3244397011739594,0.4840764331210191,0.24398073836276082,0.4936,0.4984,0.2512,152,162,471,465,0.49579835783762133,0.5003968040632736
tabicl,0.4,9,antisymmetric,A02,1,none,antisymmetric,0,1000,250,1250,0.3406406530411914,0.18289493501652032,0.49958915365653245,0.5117845117845118,0.48796147672552165,0.5128,0.4984,0.4752,304,290,319,337,0.5319325814864639,0.5260802670619347
tabpfn,0.2,0,antisymmetric,A02,1,none,antisymmetric,0,500,250,1750,0.15627546492032707,0.44836979906540364,0.6564299424184261,0.48857142857142855,1.0,0.48857142857142855,0.48857142857142855,1.0,855,895,0,0,0.4874264016601036,0.4888313894606161
tabicl,0.2,0,antisymmetric,A02,1,none,antisymmetric,0,500,250,1750,0.34108983201440424,0.15828000602778047,0.5478481012658228,0.4830357142857143,0.632748538011696,0.4897142857142857,0.48857142857142855,0.64,541,579,314,316,0.4804003192104504,0.49166584991342416
tabpfn,0.2,1,antisymmetric,A02,1,none,antisymmetric,0,500,250,1750,0.1577295589959249,0.4340532380156219,0.6636120656739214,0.49657142857142855,1.0,0.49657142857142855,0.49657142857142855,1.0,869,881,0,0,0.5117631195593141,0.5136052111511529
tabicl,0.2,1,antisymmetric,A02,1,none,antisymmetric,0,500,250,1750,0.33329016296193004,0.1552937689702958,0.6438356164383562,0.495350278983261,0.9194476409666283,0.4948571428571429,0.49657142857142855,0.9217142857142857,799,814,70,67,0.5095790062912136,0.516480121840831
tabpfn,0.2,2,antisymmetric,A02,1,none,antisymmetric,0,500,250,1750,0.15806040703319013,0.4200743859400973,0.6620795107033639,0.4948571428571429,1.0,0.4948571428571429,0.4948571428571429,1.0,866,884,0,0,0.48723479415484305,0.49362479491707856
tabicl,0.2,2,antisymmetric,A02,1,none,antisymmetric,0,500,250,1750,0.33634077094029635,0.15586903598159552,0.6618153963998468,0.4951289398280802,0.9976905311778291,0.49542857142857144,0.4948571428571429,0.9971428571428571,864,881,2,3,0.5106853851818074,0.5149005151891988
tabpfn,0.2,3,antisymmetric,A02,1,none,antisymmetric,0,500,250,1750,0.15357209497597069,0.42203336802776903,0.6631016042780749,0.496,1.0,0.496,0.496,1.0,868,882,0,0,0.4872961433529615,0.48774060315370393
tabicl,0.2,3,antisymmetric,A02,1,none,antisymmetric,0,500,250,1750,0.3325175070203841,0.15551480802241713,0.6638591117917305,0.49713302752293576,0.9988479262672811,0.4982857142857143,0.496,0.9965714285714286,867,877,1,5,0.4776542090880814,0.47924569213245977
tabpfn,0.2,4,antisymmetric,A02,1,none,antisymmetric,0,500,250,1750,0.16002617997583002,0.4181526330066845,0.24398625429553264,0.4797297297297297,0.16359447004608296,0.49714285714285716,0.496,0.16914285714285715,142,154,726,728,0.49546898449123766,0.5048616989038318
tabicl,0.2,4,antisymmetric,A02,1,none,antisymmetric,0,500,250,1750,0.3439497509971261,0.15567634697072208,0.2944,0.4816753926701571,0.2119815668202765,0.496,0.496,0.21828571428571428,184,198,684,684,0.49228291619705566,0.5027005810004493
tabpfn,0.2,5,antisymmetric,A02,1,none,antisymmetric,0,500,250,1750,0.16316057601943612,0.4188206910621375,0.0,0.0,0.0,0.4942857142857143,0.504,0.0017142857142857142,0,3,882,865,0.4901760738407339,0.47950628023867004
tabicl,0.2,5,antisymmetric,A02,1,none,antisymmetric,0,500,250,1750,0.37786350899841636,0.1551614790223539,0.2345890410958904,0.479020979020979,0.15532879818594103,0.48914285714285716,0.504,0.16342857142857142,137,149,745,719,0.4954089009136447,0.49094342037890426
tabpfn,0.2,6,antisymmetric,A02,1,none,antisymmetric,0,500,250,1750,0.16672746208496392,0.4164017209550366,0.6147110332749562,0.499644128113879,0.7986348122866894,0.49714285714285716,0.5022857142857143,0.8028571428571428,702,703,177,168,0.5267756341393237,0.5067495288064795
tabicl,0.2,6,antisymmetric,A02,1,none,antisymmetric,0,500,250,1750,0.34395261900499463,0.15530840901192278,0.5967894239848914,0.510088781275222,0.7189988623435722,0.512,0.5022857142857143,0.708,632,607,247,264,0.4913942101086742,0.5008614057567244
tabpfn,0.2,7,antisymmetric,A02,1,none,antisymmetric,0,500,250,1750,0.15817294688895345,0.4161589810391888,0.5743879472693032,0.48412698412698413,0.7060185185185185,0.48342857142857143,0.4937142857142857,0.72,610,650,254,236,0.4987039945505584,0.4899811104840732
tabicl,0.2,7,antisymmetric,A02,1,none,antisymmetric,0,500,250,1750,0.3384810209972784,0.15569183800835162,0.5714285714285714,0.48657445077298617,0.6921296296296297,0.48742857142857143,0.4937142857142857,0.7022857142857143,598,631,266,255,0.4992977279555224,0.49774788897249395
tabpfn,0.2,8,antisymmetric,A02,1,none,antisymmetric,0,500,250,1750,0.15991629101336002,0.4179228530265391,0.0,0.0,0.0,0.49257142857142855,0.5074285714285715,0.0,0,0,888,862,0.5011056873352546,0.4900301258334901
tabicl,0.2,8,antisymmetric,A02,1,none,antisymmetric,0,500,250,1750,0.34821188205387443,0.15508076001424342,0.2871205906480722,0.5287009063444109,0.19707207207207209,0.5034285714285714,0.5074285714285715,0.18914285714285714,175,156,713,706,0.5237763076452289,0.5276273227984365
tabpfn,0.2,9,antisymmetric,A02,1,none,antisymmetric,0,500,250,1750,0.16235981998033822,0.41686620900873095,0.011350737797956867,0.625,0.0057273768613974796,0.5022857142857143,0.49885714285714283,0.004571428571428572,5,3,868,874,0.5011665884451078,0.4993691395612189
tabicl,0.2,9,antisymmetric,A02,1,none,antisymmetric,0,500,250,1750,0.33784028503578156,0.15540654805954546,0.33857677902621724,0.48917748917748916,0.2588774341351661,0.49542857142857144,0.49885714285714283,0.264,226,236,647,641,0.48920670541256206,0.4890951267010701
tabpfn,0.1,0,antisymmetric,A02,1,none,antisymmetric,0,250,250,2000,0.20317864103708416,0.42041375406552106,0.6386980108499096,0.5011350737797957,0.8803589232303091,0.5005,0.5015,0.881,883,879,120,118,0.5069765336476412,0.5024970224732023
tabicl,0.1,0,antisymmetric,A02,1,none,antisymmetric,0,250,250,2000,0.33097502309828997,0.1484100769739598,0.5176125244618396,0.5081652257444764,0.5274177467597209,0.507,0.5015,0.5205,529,512,474,485,0.516090101725906,0.5046020414183727
tabpfn,0.1,1,antisymmetric,A02,1,none,antisymmetric,0,250,250,2000,0.15122675499878824,0.4173802469158545,0.37897310513447435,0.4813664596273292,0.3125,0.492,0.496,0.322,310,334,682,674,0.4863268547853907,0.48488753280209934
tabicl,0.1,1,antisymmetric,A02,1,none,antisymmetric,0,250,250,2000,0.34050302393734455,0.14910738298203796,0.45589798087141337,0.4820224719101124,0.4324596774193548,0.488,0.496,0.445,429,461,563,547,0.4838241410129118,0.4874631976446493
tabpfn,0.1,2,antisymmetric,A02,1,none,antisymmetric,0,250,250,2000,0.4325867840088904,0.4195288580376655,0.6613119143239625,0.494,1.0,0.494,0.494,1.0,988,1012,0,0,0.49525830422833683,0.5006190891488375
tabicl,0.1,2,antisymmetric,A02,1,none,antisymmetric,0,250,250,2000,0.36428906593937427,0.14779330999590456,0.6060836501901141,0.4853836784409257,0.8066801619433198,0.482,0.494,0.821,797,845,191,167,0.4950735558091269,0.49752014290057767
tabpfn,0.1,3,antisymmetric,A02,1,none,antisymmetric,0,250,250,2000,0.15562874800525606,0.41387560102157295,0.6037435284747112,0.5003300330033004,0.7610441767068273,0.5025,0.498,0.7575,758,757,238,247,0.5060095955115912,0.5039245627930047
tabicl,0.1,3,antisymmetric,A02,1,none,antisymmetric,0,250,250,2000,0.3703257510205731,0.14731397188734263,0.5010162601626016,0.507201646090535,0.49497991967871485,0.509,0.498,0.486,493,479,503,525,0.5156658468794111,0.5130332085313365
tabpfn,0.1,4,antisymmetric,A02,1,none,antisymmetric,0,250,250,2000,0.15140780492220074,0.4123743779491633,0.01782178217821782,0.6428571428571429,0.009036144578313253,0.504,0.498,0.007,9,5,987,999,0.5017407015916477,0.5054835877374038
tabicl,0.1,4,antisymmetric,A02,1,none,antisymmetric,0,250,250,2000,0.3290298009524122,0.14770238008350134,0.30013831258644535,0.4822222222222222,0.2178714859437751,0.494,0.498,0.225,217,233,779,771,0.497570297580262,0.5043330693291093
tabpfn,0.1,5,antisymmetric,A02,1,none,antisymmetric,0,250,250,2000,0.15847224509343505,0.4119056999916211,0.6719787516600265,0.506,1.0,0.506,0.506,1.0,1012,988,0,0,0.49328682254403405,0.47747925701300986
tabicl,0.1,5,antisymmetric,A02,1,none,antisymmetric,0,250,250,2000,0.33062207500915974,0.14742252207361162,0.5745122457451225,0.49534717251252686,0.6837944664031621,0.4875,0.506,0.6985,692,705,320,283,0.5022590501408959,0.4831385719543614
tabpfn,0.1,6,antisymmetric,A02,1,none,antisymmetric,0,250,250,2000,0.1529763680882752,0.413048104965128,0.6213303604607953,0.49032258064516127,0.847870182555781,0.4905,0.493,0.8525,836,869,150,145,0.4916460259762112,0.48759306824137527
tabicl,0.1,6,antisymmetric,A02,1,none,antisymmetric,0,250,250,2000,0.3372477180091664,0.14753553201444447,0.5390909090909091,0.48846787479406917,0.6014198782961461,0.493,0.493,0.607,593,621,393,393,0.49523178242003596,0.4943418910106381
tabpfn,0.1,7,antisymmetric,A02,1,none,antisymmetric,0,250,250,2000,0.14594021695666015,0.41125946200918406,0.17313915857605178,0.45726495726495725,0.10678642714570859,0.489,0.501,0.117,107,127,895,871,0.4815887264494931,0.4851749406997628
tabicl,0.1,7,antisymmetric,A02,1,none,antisymmetric,0,250,250,2000,0.34685003897175193,0.14742907998152077,0.029182879377431907,0.5769230769230769,0.014970059880239521,0.501,0.501,0.013,15,11,987,987,0.5074945703397968,0.5022975091900368
tabpfn,0.1,8,antisymmetric,A02,1,none,antisymmetric,0,250,250,2000,0.1586056259693578,0.41141983098350465,0.0,0.0,0.0,0.495,0.505,0.0,0,0,1010,990,0.497772130336218,0.4950940094009401
tabicl,0.1,8,antisymmetric,A02,1,none,antisymmetric,0,250,250,2000,0.3348557570716366,0.14805700909346342,0.0,0.0,0.0,0.495,0.505,0.0,0,0,1010,990,0.5106591913677203,0.49721272127212723
tabpfn,0.1,9,antisymmetric,A02,1,none,antisymmetric,0,250,250,2000,0.14830032701138407,0.41248043696396053,0.11160318866253321,0.5294117647058824,0.062376237623762376,0.4985,0.505,0.0595,63,56,947,934,0.5095850436409847,0.4976302630263026
tabicl,0.1,9,antisymmetric,A02,1,none,antisymmetric,0,250,250,2000,0.3348180679604411,0.14695348299574107,0.14125753660637383,0.543046357615894,0.08118811881188119,0.5015,0.505,0.0755,82,69,928,921,0.5097031262588139,0.4835898589858986
tabpfn,0.8,0,transitive,A03,1,none,none,1,2000,250,250,0.2159378690412268,0.37816793797537684,0.7630522088353414,0.7307692307692307,0.7983193277310925,0.764,0.476,0.52,95,35,24,96,0.8623295087506879,0.8553146449419463
tabicl,0.8,0,transitive,A03,1,none,none,1,2000,250,250,0.3481316020479426,0.16084047604817897,0.7540983606557377,0.736,0.773109243697479,0.76,0.476,0.5,92,33,27,98,0.8511004610008667,0.8551542754506383
tabpfn,0.8,1,transitive,A03,1,none,none,1,2000,250,250,0.23306162795051932,0.37986433098558336,0.7339449541284404,0.7476635514018691,0.7207207207207207,0.768,0.444,0.428,80,27,31,112,0.8271277588072572,0.8355369758247456
tabicl,0.8,1,transitive,A03,1,none,none,1,2000,250,250,0.34889104997273535,0.16062078601680696,0.6787330316742082,0.6818181818181818,0.6756756756756757,0.716,0.444,0.44,75,35,36,104,0.7724909710573292,0.7843022878994101
tabpfn,0.8,2,transitive,A03,1,none,none,1,2000,250,250,0.22527170996181667,0.376306724967435,0.7791164658634538,0.776,0.782258064516129,0.78,0.496,0.5,97,28,27,98,0.8552763430670963,0.8588709677419355
tabicl,0.8,2,transitive,A03,1,none,none,1,2000,250,250,0.34437648800667375,0.16063223709352314,0.7398373983739838,0.7459016393442623,0.7338709677419355,0.744,0.496,0.488,91,31,33,95,0.8411968400915995,0.8477022529441883
tabpfn,0.8,3,transitive,A03,1,none,none,1,2000,250,250,0.2266825040569529,0.375526629970409,0.7969348659003831,0.8387096774193549,0.7591240875912408,0.788,0.548,0.496,104,20,33,93,0.9095311431978491,0.8832762741424972
tabicl,0.8,3,transitive,A03,1,none,none,1,2000,250,250,0.34148156899027526,0.16050434799399227,0.7615384615384615,0.8048780487804879,0.7226277372262774,0.752,0.548,0.492,99,24,38,89,0.8726007826354395,0.8405141786706285
tabpfn,0.8,4,transitive,A03,1,none,none,1,2000,250,250,0.2309983860468492,0.37733685097191483,0.76,0.7723577235772358,0.7480314960629921,0.76,0.508,0.492,95,28,32,95,0.865326624157206,0.8451443569553806
tabicl,0.8,4,transitive,A03,1,none,none,1,2000,250,250,0.3397172678960487,0.16067684593144804,0.696,0.7073170731707317,0.6850393700787402,0.696,0.508,0.492,87,36,40,87,0.8089324861264142,0.7977082133026054
tabpfn,0.8,5,transitive,A03,1,none,none,1,2000,250,250,0.22974998108111322,0.37852570600807667,0.774468085106383,0.7711864406779662,0.7777777777777778,0.788,0.468,0.472,91,27,26,106,0.861163631638061,0.8783497204549836
tabicl,0.8,5,transitive,A03,1,none,none,1,2000,250,250,0.34156888897996396,0.16213438101112843,0.75,0.7317073170731707,0.7692307692307693,0.76,0.468,0.492,90,33,27,100,0.8417533786799904,0.860356018250755
tabpfn,0.8,6,transitive,A03,1,none,none,1,2000,250,250,0.2331202169880271,0.3778781699948013,0.8222996515679443,0.8489208633093526,0.7972972972972973,0.796,0.592,0.556,118,21,30,81,0.9027153710355192,0.8762917329093799
tabicl,0.8,6,transitive,A03,1,none,none,1,2000,250,250,0.33007258793804795,0.17551139392890036,0.7544483985765125,0.7969924812030075,0.7162162162162162,0.724,0.592,0.532,106,27,42,75,0.8618090462487499,0.8180312665606783
tabpfn,0.8,7,transitive,A03,1,none,none,1,2000,250,250,0.2364717940799892,0.38200655195396394,0.7848101265822784,0.75,0.8230088495575221,0.796,0.452,0.496,93,31,20,106,0.8968590541133016,0.8915121762160066
tabicl,0.8,7,transitive,A03,1,none,none,1,2000,250,250,0.32377890299540013,0.16181734192650765,0.70042194092827,0.6693548387096774,0.7345132743362832,0.716,0.452,0.496,83,41,30,96,0.8116352708954968,0.8156126865189588
tabpfn,0.8,8,transitive,A03,1,none,none,1,2000,250,250,0.21798331895843148,0.3813284960342571,0.7782101167315175,0.7751937984496124,0.78125,0.772,0.512,0.516,100,29,28,93,0.8872129794945154,0.8620965676229508
tabicl,0.8,8,transitive,A03,1,none,none,1,2000,250,250,0.5082475610543042,0.16102390503510833,0.7804878048780488,0.8135593220338984,0.75,0.784,0.512,0.472,96,22,32,100,0.8748493556382817,0.8660348360655737
tabpfn,0.8,9,transitive,A03,1,none,none,1,2000,250,250,0.22667267406359315,0.38274203904438764,0.7741935483870968,0.8,0.75,0.776,0.512,0.48,96,24,32,98,0.874921354666889,0.8613921618852459
tabicl,0.8,9,transitive,A03,1,none,none,1,2000,250,250,0.34588478202931583,0.16957619995810091,0.758893280632411,0.768,0.75,0.756,0.512,0.5,96,29,32,93,0.8771861881739259,0.8609118852459017
tabpfn,0.4,0,transitive,A03,1,none,none,1,1000,250,1250,0.1827937449561432,0.4105760339880362,0.7446808510638298,0.765993265993266,0.7245222929936306,0.7504,0.5024,0.4752,455,139,173,483,0.8491493332624143,0.8413749052778177
tabicl,0.4,0,transitive,A03,1,none,none,1,1000,250,1250,0.3290417909156531,0.18009131704457104,0.686976389946687,0.6583941605839416,0.7181528662420382,0.6712,0.5024,0.548,451,234,177,388,0.7444756599112344,0.7415646056485141
tabpfn,0.4,1,transitive,A03,1,none,none,1,1000,250,1250,0.18929571902845055,0.40608250303193927,0.7369294605809129,0.75,0.7243066884176182,0.7464,0.4904,0.4736,444,148,169,489,0.8212751747057425,0.8145876495911453
tabicl,0.4,1,transitive,A03,1,none,none,1,1000,250,1250,0.3264099219813943,0.17977843701373786,0.7535545023696683,0.7304747320061256,0.7781402936378466,0.7504,0.4904,0.5224,477,176,136,461,0.821585361355804,0.8308137911959864
tabpfn,0.4,2,transitive,A03,1,none,none,1,1000,250,1250,0.17850054299924523,0.4047937380382791,0.7307692307692307,0.7354838709677419,0.7261146496815286,0.7312,0.5024,0.496,456,164,172,458,0.8362301196975384,0.8219056567063305
tabicl,0.4,2,transitive,A03,1,none,none,1,1000,250,1250,0.3764882249524817,0.17973788699600846,0.7039106145251397,0.7056,0.7022292993630573,0.7032,0.5024,0.5,441,184,187,438,0.7745883280648844,0.7788736252483258
tabpfn,0.4,3,transitive,A03,1,none,none,1,1000,250,1250,0.18551487394142896,0.40746474801562726,0.743142144638404,0.7760416666666666,0.7129186602870813,0.7528,0.5016,0.4608,447,129,180,494,0.8288101670012508,0.8309256286784377
tabicl,0.4,3,transitive,A03,1,none,none,1,1000,250,1250,0.3249147080350667,0.18041893502231687,0.72869429241595,0.7147239263803681,0.7432216905901117,0.7224,0.5016,0.5216,466,186,161,437,0.814565029791031,0.8079673135852911
tabpfn,0.4,4,transitive,A03,1,none,none,1,1000,250,1250,0.1732412950368598,0.40713372896425426,0.7304347826086957,0.6968325791855203,0.7674418604651163,0.7272,0.4816,0.5304,462,201,140,447,0.7952539549927897,0.806968028382757
tabicl,0.4,4,transitive,A03,1,none,none,1,1000,250,1250,0.3283005650155246,0.18097479199059308,0.752,0.7253086419753086,0.7807308970099668,0.752,0.4816,0.5184,470,178,132,470,0.834515866183843,0.8389960419999181
tabpfn,0.4,5,transitive,A03,1,none,none,1,1000,250,1250,0.18136276095174253,0.40913577110040933,0.7597765363128491,0.7543581616481775,0.7652733118971061,0.7592,0.4976,0.5048,476,155,146,473,0.8483277403860052,0.8397159870563418
tabicl,0.4,5,transitive,A03,1,none,none,1,1000,250,1250,0.3226865279721096,0.1803203650051728,0.734789391575663,0.7136363636363636,0.7572347266881029,0.728,0.4976,0.528,471,189,151,439,0.8176251459456139,0.8084333463042987
tabpfn,0.4,6,transitive,A03,1,none,none,1,1000,250,1250,0.16873800405301154,0.4082867429824546,0.7726907630522089,0.7647058823529411,0.7808441558441559,0.7736,0.4928,0.5032,481,148,135,486,0.8438230602436978,0.8500962759637838
tabicl,0.4,6,transitive,A03,1,none,none,1,1000,250,1250,0.3209580760449171,0.18287861393764615,0.7076923076923077,0.7059773828756059,0.7094155844155844,0.7112,0.4928,0.4952,437,182,179,452,0.7990137959182908,0.7945378753738375
tabpfn,0.4,7,transitive,A03,1,none,none,1,1000,250,1250,0.1715375219937414,0.40581884409766644,0.7578439259855189,0.7721311475409836,0.7440758293838863,0.7592,0.5064,0.488,471,139,162,478,0.8333554091934618,0.8373531919469686
tabicl,0.4,7,transitive,A03,1,none,none,1,1000,250,1250,0.3369766379473731,0.18145057104993612,0.7382657120127287,0.7435897435897436,0.7330173775671406,0.7368,0.5064,0.4992,464,160,169,457,0.821886986757359,0.8210061936547683
tabpfn,0.4,8,transitive,A03,1,none,none,1,1000,250,1250,0.17400378198362887,0.4065810909960419,0.7170731707317073,0.7147487844408428,0.7194127243066885,0.7216,0.4904,0.4936,441,176,172,461,0.8269474978809527,0.8200565456449866
tabicl,0.4,8,transitive,A03,1,none,none,1,1000,250,1250,0.3308431140612811,0.1818610579939559,0.7582329317269076,0.7468354430379747,0.7699836867862969,0.7592,0.4904,0.5056,472,160,141,477,0.8490852491458284,0.8468913980449753
tabpfn,0.4,9,transitive,A03,1,none,none,1,1000,250,1250,0.17751374805811793,0.4111345720011741,0.7367563162184189,0.7520798668885191,0.7220447284345048,0.7416,0.5008,0.4808,452,149,174,475,0.8222335799464923,0.8156219279921356
tabicl,0.4,9,transitive,A03,1,none,none,1,1000,250,1250,0.3337170409504324,0.1798503480385989,0.7794361525704809,0.8103448275862069,0.7507987220447284,0.7872,0.5008,0.464,470,110,156,514,0.8836868636255238,0.8773603260424347
tabpfn,0.2,0,transitive,A03,1,none,none,1,500,250,1750,0.16239735996350646,0.41453165805432945,0.7224255096706743,0.6606118546845124,0.7970011534025375,0.6965714285714286,0.49542857142857144,0.5977142857142858,691,355,176,528,0.7815317817443272,0.7780967160030356
tabicl,0.2,0,transitive,A03,1,none,none,1,500,250,1750,0.3331892240094021,0.15368858608417213,0.72,0.6775178026449644,0.7681660899653979,0.704,0.49542857142857144,0.5617142857142857,666,317,201,566,0.7880186156149389,0.782768453460926
tabpfn,0.2,1,transitive,A03,1,none,none,1,500,250,1750,0.16598537506069988,0.4120395879726857,0.6893143915997529,0.7469879518072289,0.6399082568807339,0.7125714285714285,0.4982857142857143,0.4268571428571429,558,189,314,689,0.8114905523811092,0.798156647718961
tabicl,0.2,1,transitive,A03,1,none,none,1,500,250,1750,0.34020618500653654,0.15350033692084253,0.7654921020656136,0.813953488372093,0.7224770642201835,0.7794285714285715,0.4982857142857143,0.4422857142857143,630,144,242,734,0.867306280222898,0.8618067020542935
tabpfn,0.2,2,transitive,A03,1,none,none,1,500,250,1750,0.16903919202741235,0.6170342919649556,0.6841463414634147,0.7276264591439688,0.6455696202531646,0.704,0.49657142857142855,0.44057142857142856,561,210,308,671,0.784912526763859,0.778829110658591
tabicl,0.2,2,transitive,A03,1,none,none,1,500,250,1750,0.336988317896612,0.1536709760548547,0.7669441141498217,0.7933579335793358,0.7422324510932106,0.776,0.49657142857142855,0.4645714285714286,645,168,224,713,0.8806806541825836,0.875303851021893
tabpfn,0.2,3,transitive,A03,1,none,none,1,500,250,1750,0.1562955640256405,0.4117424499709159,0.7247924080664294,0.7695214105793451,0.6849775784753364,0.7348571428571429,0.5097142857142857,0.45371428571428574,611,183,281,675,0.8390728903737823,0.8158952407831331
tabicl,0.2,3,transitive,A03,1,none,none,1,500,250,1750,0.3446753469761461,0.15356872603297234,0.7844776119402985,0.8390804597701149,0.7365470852017937,0.7937142857142857,0.5097142857142857,0.44742857142857145,657,126,235,732,0.8986207272175508,0.8846846352451734
tabpfn,0.2,4,transitive,A03,1,none,none,1,500,250,1750,0.16247300908435136,0.41254646505694836,0.7497360084477297,0.7029702970297029,0.8031674208144797,0.7291428571428571,0.5051428571428571,0.5771428571428572,710,300,174,566,0.8011888401067397,0.8027141483703092
tabicl,0.2,4,transitive,A03,1,none,none,1,500,250,1750,0.331674239016138,0.15389486495405436,0.6905311778290993,0.7051886792452831,0.6764705882352942,0.6937142857142857,0.5051428571428571,0.4845714285714286,598,250,286,616,0.7582080876328217,0.7612116351248263
tabpfn,0.2,5,transitive,A03,1,none,none,1,500,250,1750,0.15392596402671188,0.41018151689786464,0.7606936416184971,0.7713950762016413,0.750285062713797,0.7634285714285715,0.5011428571428571,0.48742857142857143,658,195,219,678,0.8394765887817319,0.8412295378522794
tabicl,0.2,5,transitive,A03,1,none,none,1,500,250,1750,0.35496621299535036,0.15384679508861154,0.6761525327262379,0.675,0.677309007981756,0.6748571428571428,0.5011428571428571,0.5028571428571429,594,286,283,587,0.7387163985270476,0.7504267777399
tabpfn,0.2,6,transitive,A03,1,none,none,1,500,250,1750,0.1561830339487642,0.41057657403871417,0.6790190735694823,0.6422680412371135,0.7202312138728324,0.6634285714285715,0.4942857142857143,0.5542857142857143,623,347,242,538,0.7403674331040814,0.733544952810163
tabicl,0.2,6,transitive,A03,1,none,none,1,500,250,1750,0.3610937389312312,0.15378810500260442,0.7341477603257708,0.7388758782201406,0.7294797687861272,0.7388571428571429,0.4942857142857143,0.488,631,223,234,662,0.8431731695034492,0.8282668756735574
tabpfn,0.2,7,transitive,A03,1,none,none,1,500,250,1750,0.15685879194643348,0.4108197439927608,0.7392344497607656,0.7933247753530167,0.6920492721164614,0.7508571428571429,0.5102857142857142,0.4451428571428571,618,161,275,696,0.8159553445880614,0.8170549888213918
tabicl,0.2,7,transitive,A03,1,none,none,1,500,250,1750,0.3413269300945103,0.15364666504319757,0.7508650519031141,0.7740784780023782,0.729003359462486,0.7531428571428571,0.5102857142857142,0.4805714285714286,651,190,242,667,0.8461246717641634,0.8336876601494052
tabpfn,0.2,8,transitive,A03,1,none,none,1,500,250,1750,0.1487422559875995,0.41091039206366986,0.694560669456067,0.7420178799489144,0.6528089887640449,0.708,0.5085714285714286,0.44742857142857145,581,202,309,658,0.7804909403623547,0.773766004703423
tabicl,0.2,8,transitive,A03,1,none,none,1,500,250,1750,0.34026949398685247,0.1538130349945277,0.6825484764542936,0.673224043715847,0.6921348314606741,0.6725714285714286,0.5085714285714286,0.5228571428571429,616,299,274,561,0.739320531437118,0.7401352234125946
tabpfn,0.2,9,transitive,A03,1,none,none,1,500,250,1750,0.16354911506641656,0.41080652293749154,0.707105719237435,0.7116279069767442,0.7026406429391504,0.7102857142857143,0.4977142857142857,0.49142857142857144,612,248,259,631,0.7970033193279835,0.8042159901464062
tabicl,0.2,9,transitive,A03,1,none,none,1,500,250,1750,0.3387967610033229,0.15360843599773943,0.7257336343115124,0.7136514983351832,0.7382319173363949,0.7222857142857143,0.4977142857142857,0.5148571428571429,643,258,228,621,0.7933538433740627,0.7934023764088458
tabpfn,0.1,0,transitive,A03,1,none,none,1,250,250,2000,0.1510597059968859,0.4119541480904445,0.6455445544554456,0.6423645320197044,0.6487562189054726,0.642,0.5025,0.5075,652,363,353,632,0.64694747964486,0.6734343358583964
tabicl,0.1,0,transitive,A03,1,none,none,1,250,250,2000,0.336883099982515,0.14700707199517637,0.6699950074887668,0.6723446893787575,0.6676616915422886,0.6695,0.5025,0.499,671,327,334,668,0.7175083847841223,0.7182619565489138
tabpfn,0.1,1,transitive,A03,1,none,none,1,250,250,2000,0.15325622691307217,0.41329762304667383,0.6777939042089985,0.5321937321937322,0.9330669330669331,0.556,0.5005,0.8775,934,821,67,178,0.6143855584550562,0.6398166398166398
tabicl,0.1,1,transitive,A03,1,none,none,1,250,250,2000,0.3342374990461394,0.14755761192645878,0.6608946608946609,0.637291280148423,0.6863136863136863,0.6475,0.5005,0.539,687,391,314,608,0.7179442695839495,0.7183437183437184
tabpfn,0.1,2,transitive,A03,1,none,none,1,250,250,2000,0.14328183804173023,0.41054271499160677,0.6382723455308938,0.7976011994002998,0.532,0.6985,0.5,0.3335,532,135,468,865,0.7767093094990062,0.772603
tabicl,0.1,2,transitive,A03,1,none,none,1,250,250,2000,0.33111947297584265,0.14751742000225931,0.6799568965517241,0.7371495327102804,0.631,0.703,0.5,0.428,631,225,369,775,0.7904127199765388,0.786674
tabpfn,0.1,3,transitive,A03,1,none,none,1,250,250,2000,0.14710924203973264,0.41238513600546867,0.6670005007511267,0.670020120724346,0.6640079760717846,0.6675,0.5015,0.497,666,328,337,669,0.6912942742492106,0.7087253785284069
tabicl,0.1,3,transitive,A03,1,none,none,1,250,250,2000,0.3385498010320589,0.1480031090322882,0.6596417281348789,0.6994413407821229,0.6241276171485544,0.677,0.5015,0.4475,626,269,377,728,0.7478542053631614,0.755259797338176
tabpfn,0.1,4,transitive,A03,1,none,none,1,250,250,2000,0.14253707195166498,0.41056274401489645,0.67946959304984,0.6160862354892206,0.7573904179408767,0.6495,0.4905,0.603,743,463,238,556,0.7250905452766134,0.719074085744954
tabicl,0.1,4,transitive,A03,1,none,none,1,250,250,2000,0.3287674210732803,0.1473996019922197,0.7134615384615385,0.6751592356687898,0.7563710499490316,0.702,0.4905,0.5495,742,357,239,662,0.805465526445269,0.796480529471139
tabpfn,0.1,5,transitive,A03,1,none,none,1,250,250,2000,0.14648215600755066,0.41217687795870006,0.6483687208700155,0.6731182795698925,0.6253746253746254,0.6605,0.5005,0.465,626,304,375,695,0.7262596961960603,0.7132492132492132
tabicl,0.1,5,transitive,A03,1,none,none,1,250,250,2000,0.3411107410211116,0.14758381096180528,0.7116883116883117,0.7413419913419913,0.6843156843156843,0.7225,0.5005,0.462,685,239,316,760,0.8099654194884547,0.7926397926397927
tabpfn,0.1,6,transitive,A03,1,none,none,1,250,250,2000,0.2085216490086168,0.41342696198262274,0.6781206171107994,0.5184986595174262,0.9797365754812564,0.541,0.4935,0.9325,967,898,20,115,0.6405793243626876,0.6566384719017514
tabicl,0.1,6,transitive,A03,1,none,none,1,250,250,2000,0.33941363799385726,0.14751700102351606,0.6915699141847552,0.6891348088531187,0.6940222897669707,0.6945,0.4935,0.497,685,309,302,704,0.753401843647816,0.7618207477063625
tabpfn,0.1,7,transitive,A03,1,none,none,1,250,250,2000,0.1475029600551352,0.4119826080277562,0.6689320388349514,0.6593301435406699,0.6788177339901478,0.659,0.5075,0.5225,689,356,326,629,0.7532836931590197,0.7362601585356706
tabicl,0.1,7,transitive,A03,1,none,none,1,250,250,2000,0.3370480169542134,0.14788068900816143,0.7013643254168772,0.7199170124481328,0.683743842364532,0.7045,0.5075,0.482,694,270,321,715,0.8223863003711078,0.8059623415268435
tabpfn,0.1,8,transitive,A03,1,none,none,1,250,250,2000,0.15095538611058146,0.41207580803893507,0.6785714285714286,0.6263736263736264,0.7402597402597403,0.649,0.5005,0.5915,741,442,260,557,0.7121534454165108,0.716055716055716
tabicl,0.1,8,transitive,A03,1,none,none,1,250,250,2000,0.3361588920233771,0.14754064998123795,0.7122774133083412,0.6707855251544572,0.7592407592407593,0.693,0.5005,0.5665,760,373,241,626,0.7610927070872647,0.7519167519167519
tabpfn,0.1,9,transitive,A03,1,none,none,1,250,250,2000,0.33539742405992,0.4097501690266654,0.6679861454725383,0.662414131501472,0.6736526946107785,0.6645,0.501,0.5095,675,344,327,654,0.7110582183791416,0.725564402257609
tabicl,0.1,9,transitive,A03,1,none,none,1,250,250,2000,0.3505190529394895,0.14777375000994653,0.6692456479690522,0.649155722326454,0.6906187624750499,0.658,0.501,0.533,692,374,310,624,0.7392791047066178,0.7324989299957201
tabpfn,0.8,0,symmetric_transitive,A04,1,none,symmetric,1,2000,250,250,0.22462714300490916,0.3757818079320714,0.9206349206349206,0.8854961832061069,0.9586776859504132,0.92,0.484,0.524,116,15,5,114,0.9849338582947071,0.9852649112691396
tabicl,0.8,0,symmetric_transitive,A04,1,none,symmetric,1,2000,250,250,0.3738614059984684,0.16041847795713693,0.8987854251012146,0.8809523809523809,0.9173553719008265,0.9,0.484,0.504,111,15,10,114,0.9519824240650115,0.9570119802677942
tabpfn,0.8,1,symmetric_transitive,A04,1,none,symmetric,1,2000,250,250,0.21921130607370287,0.37871984497178346,0.9505703422053232,0.9398496240601504,0.9615384615384616,0.948,0.52,0.532,125,8,5,112,0.992089869719782,0.9915705128205128
tabicl,0.8,1,symmetric_transitive,A04,1,none,symmetric,1,2000,250,250,0.3429948529228568,0.16279393900185823,0.8326848249027238,0.84251968503937,0.823076923076923,0.828,0.52,0.508,107,20,23,100,0.9388228129785602,0.9326282051282051
tabpfn,0.8,2,symmetric_transitive,A04,1,none,symmetric,1,2000,250,250,0.22460612293798476,0.3798333799932152,0.9333333333333333,0.952,0.9153846153846154,0.932,0.52,0.5,119,6,11,114,0.9882464420135026,0.9863141025641026
tabicl,0.8,2,symmetric_transitive,A04,1,none,symmetric,1,2000,250,250,0.33849726198241115,0.16299627698026597,0.8571428571428571,0.8604651162790697,0.8538461538461538,0.852,0.52,0.516,111,18,19,102,0.9358547357164301,0.9287820512820513
tabpfn,0.8,3,symmetric_transitive,A04,1,none,symmetric,1,2000,250,250,0.21786265005357563,0.3790787539910525,0.9236947791164659,0.9426229508196722,0.905511811023622,0.924,0.508,0.488,115,7,12,116,0.9897813482514651,0.9886050829012227
tabicl,0.8,3,symmetric_transitive,A04,1,none,symmetric,1,2000,250,250,0.3396048869471997,0.1623054000083357,0.8764940239043825,0.8870967741935484,0.8661417322834646,0.876,0.508,0.496,110,14,17,109,0.9594867441606861,0.9580692657320273
tabpfn,0.8,4,symmetric_transitive,A04,1,none,symmetric,1,2000,250,250,0.22059738996904343,0.379225644050166,0.9262295081967213,0.9186991869918699,0.9338842975206612,0.928,0.484,0.492,113,10,8,119,0.985945718838185,0.9843039272214748
tabicl,0.8,4,symmetric_transitive,A04,1,none,symmetric,1,2000,250,250,0.34204157697968185,0.16013691807165742,0.8470588235294118,0.8059701492537313,0.8925619834710744,0.844,0.484,0.536,108,26,13,103,0.9341597532606358,0.9299762957268243
tabpfn,0.8,5,symmetric_transitive,A04,1,none,symmetric,1,2000,250,250,0.26726007694378495,0.3773110209731385,0.8925619834710744,0.9,0.8852459016393442,0.896,0.488,0.48,108,12,14,116,0.9792945476766359,0.9741931352459017
tabicl,0.8,5,symmetric_transitive,A04,1,none,symmetric,1,2000,250,250,0.3609864889876917,0.16048541700001806,0.8688524590163934,0.8688524590163934,0.8688524590163934,0.872,0.488,0.488,106,16,16,112,0.9566985122980927,0.9540855532786885
tabpfn,0.8,6,symmetric_transitive,A04,1,none,symmetric,1,2000,250,250,0.21718753303866833,0.3810660570161417,0.9288389513108615,0.9393939393939394,0.9185185185185185,0.924,0.54,0.528,124,8,11,107,0.9879802982596397,0.9832206119162641
tabicl,0.8,6,symmetric_transitive,A04,1,none,symmetric,1,2000,250,250,0.34351478097960353,0.1604363980004564,0.8796992481203008,0.8931297709923665,0.8666666666666667,0.872,0.54,0.524,117,14,18,101,0.9545653393648083,0.9472141706924316
tabpfn,0.8,7,symmetric_transitive,A04,1,none,symmetric,1,2000,250,250,0.22572619700804353,0.3782300680177286,0.9243697478991597,0.9090909090909091,0.9401709401709402,0.928,0.468,0.484,110,11,7,122,0.9807244626348584,0.981363665574192
tabicl,0.8,7,symmetric_transitive,A04,1,none,symmetric,1,2000,250,250,0.3333699529757723,0.16018832894042134,0.9045643153526971,0.8790322580645161,0.9316239316239316,0.908,0.468,0.496,109,15,8,118,0.9711726602935735,0.9734592892487629
tabpfn,0.8,8,symmetric_transitive,A04,1,none,symmetric,1,2000,250,250,0.21857225697021931,0.375640660058707,0.9322709163346613,0.9512195121951219,0.9140625,0.932,0.512,0.492,117,6,11,116,0.9908618827488669,0.9896900614754098
tabicl,0.8,8,symmetric_transitive,A04,1,none,symmetric,1,2000,250,250,0.33336934295948595,0.16032253799494356,0.8769230769230769,0.8636363636363636,0.890625,0.872,0.512,0.528,114,18,14,104,0.9532582401693239,0.9496990266393444
tabpfn,0.8,9,symmetric_transitive,A04,1,none,symmetric,1,2000,250,250,0.23048320808447897,0.3760462070349604,0.8976377952755905,0.912,0.8837209302325582,0.896,0.516,0.5,114,11,15,110,0.9759822939708889,0.9687359856493049
tabicl,0.8,9,symmetric_transitive,A04,1,none,symmetric,1,2000,250,250,0.40311167400795966,0.16514784807804972,0.8188976377952756,0.832,0.8062015503875969,0.816,0.516,0.5,104,21,25,100,0.9286449342576033,0.917611634313537
tabpfn,0.4,0,symmetric_transitive,A04,1,none,symmetric,1,1000,250,1250,0.19107353105209768,0.41321679297834635,0.8761133603238866,0.8898026315789473,0.8628389154704944,0.8776,0.5016,0.4864,541,67,86,556,0.9538655143033961,0.9500231682372428
tabicl,0.4,0,symmetric_transitive,A04,1,none,symmetric,1,1000,250,1250,0.3401349550113082,0.182809654972516,0.7826784282277466,0.7870967741935484,0.7783094098883573,0.7832,0.5016,0.496,488,132,139,491,0.896657996339318,0.8891201445902807
tabpfn,0.4,1,symmetric_transitive,A04,1,none,symmetric,1,1000,250,1250,0.19511955499183387,0.42431157699320465,0.9183333333333333,0.9565972222222222,0.8830128205128205,0.9216,0.4992,0.4608,551,25,73,601,0.9710048642593692,0.9626866244777585
tabicl,0.4,1,symmetric_transitive,A04,1,none,symmetric,1,1000,250,1250,0.33477945695631206,0.1835361720295623,0.7784810126582279,0.76875,0.7884615384615384,0.776,0.4992,0.512,492,148,132,478,0.885362364876724,0.8719459121815354
tabpfn,0.4,2,symmetric_transitive,A04,1,none,symmetric,1,1000,250,1250,0.17464178893715143,0.4139948911033571,0.8876221498371335,0.8905228758169934,0.8847402597402597,0.8896,0.4928,0.4896,545,67,71,567,0.9651032162260326,0.9641410442869434
tabicl,0.4,2,symmetric_transitive,A04,1,none,symmetric,1,1000,250,1250,0.3498984850011766,0.1849459660006687,0.7831031681559708,0.7837398373983739,0.7824675324675324,0.7864,0.4928,0.492,482,133,134,501,0.8873986739549709,0.8876899913966159
tabpfn,0.4,3,symmetric_transitive,A04,1,none,symmetric,1,1000,250,1250,0.17554925405420363,0.41315786400809884,0.892436974789916,0.9139414802065404,0.8719211822660099,0.8976,0.4872,0.4648,531,50,78,591,0.9675758661260694,0.9626763395658979
tabicl,0.4,3,symmetric_transitive,A04,1,none,symmetric,1,1000,250,1250,0.33864547207485884,0.18093066196888685,0.7872340425531915,0.7846655791190864,0.7898193760262726,0.792,0.4872,0.4904,481,132,128,509,0.8888310152063267,0.8835819442629922
tabpfn,0.4,4,symmetric_transitive,A04,1,none,symmetric,1,1000,250,1250,0.23249263991601765,0.41820193198509514,0.9072164948453608,0.9166666666666666,0.8979591836734694,0.9064,0.5096,0.4992,572,52,65,561,0.9749769376537819,0.9696515323408821
tabicl,0.4,4,symmetric_transitive,A04,1,none,symmetric,1,1000,250,1250,0.339708516956307,0.18071408395189792,0.7904,0.8058727569331158,0.7755102040816326,0.7904,0.5096,0.4904,494,119,143,494,0.9035023702248508,0.8930549757862738
tabpfn,0.4,5,symmetric_transitive,A04,1,none,symmetric,1,1000,250,1250,0.1785072929924354,0.41512336500454694,0.9125295508274232,0.9234449760765551,0.9018691588785047,0.9112,0.5136,0.5016,579,48,63,560,0.9725933093470599,0.9638888034923759
tabicl,0.4,5,symmetric_transitive,A04,1,none,symmetric,1,1000,250,1250,0.3418346679536626,0.18146418000105768,0.7873015873015873,0.8025889967637541,0.7725856697819314,0.7856,0.5136,0.4944,496,122,146,486,0.8855631041973036,0.8772724012133136
tabpfn,0.4,6,symmetric_transitive,A04,1,none,symmetric,1,1000,250,1250,0.1767414700007066,0.4104119740659371,0.8730800323362975,0.8925619834710744,0.8544303797468354,0.8744,0.5056,0.484,540,65,92,553,0.9636250460504419,0.9571671070419073
tabicl,0.4,6,symmetric_transitive,A04,1,none,symmetric,1,1000,250,1250,0.3349906459916383,0.18126245099119842,0.7709677419354839,0.7861842105263158,0.7563291139240507,0.7728,0.5056,0.4864,478,130,154,488,0.8808222904328937,0.8662206587194298
tabpfn,0.4,7,symmetric_transitive,A04,1,none,symmetric,1,1000,250,1250,0.18188308901153505,0.40717353799846023,0.935672514619883,0.9671848013816926,0.9061488673139159,0.9384,0.4944,0.4632,560,19,58,613,0.9806713442800185,0.9743955081725452
tabicl,0.4,7,symmetric_transitive,A04,1,none,symmetric,1,1000,250,1250,0.34568624198436737,0.17994569602888077,0.7962674961119751,0.7664670658682635,0.8284789644012945,0.7904,0.4944,0.5344,512,156,106,476,0.87634320095179,0.877708819794355
tabpfn,0.4,8,symmetric_transitive,A04,1,none,symmetric,1,1000,250,1250,0.18154235102701932,0.41432535904459655,0.8957983193277311,0.909556313993174,0.8824503311258278,0.9008,0.4832,0.4688,533,53,71,593,0.9720269761692093,0.9658302236893364
tabicl,0.4,8,symmetric_transitive,A04,1,none,symmetric,1,1000,250,1250,0.344372098101303,0.18167567905038595,0.7912621359223301,0.7737341772151899,0.8096026490066225,0.7936,0.4832,0.5056,489,143,115,503,0.9018155865971631,0.8986811350542309
tabpfn,0.4,9,symmetric_transitive,A04,1,none,symmetric,1,1000,250,1250,0.3564864069921896,0.4092524889856577,0.9415637860082304,0.9629629629629629,0.9210950080515298,0.9432,0.4968,0.4752,572,22,49,607,0.9807960728567192,0.9738190876298294
tabicl,0.4,9,symmetric_transitive,A04,1,none,symmetric,1,1000,250,1250,0.34988973499275744,0.18110956205055118,0.765990639625585,0.7428139183055976,0.7906602254428341,0.76,0.4968,0.5288,491,170,130,459,0.8738065237059172,0.8642939614806623
tabpfn,0.2,0,symmetric_transitive,A04,1,none,symmetric,1,500,250,1750,0.14892882492858917,0.42214229598175734,0.8862837045720985,0.9032258064516129,0.8699654775604143,0.8891428571428571,0.49657142857142855,0.47828571428571426,756,81,113,800,0.9561228667946411,0.9479603285836133
tabicl,0.2,0,symmetric_transitive,A04,1,none,symmetric,1,500,250,1750,0.33087738300673664,0.15570787608157843,0.8536726431463274,0.858139534883721,0.8492520138089759,0.8554285714285714,0.49657142857142855,0.49142857142857144,738,122,131,759,0.9439825026986657,0.9426310984091988
tabpfn,0.2,1,symmetric_transitive,A04,1,none,symmetric,1,500,250,1750,0.15203388093505055,0.4148012960795313,0.8285873813512005,0.8109289617486338,0.8470319634703196,0.8245714285714286,0.5005714285714286,0.5228571428571429,742,173,134,701,0.90655512673102,0.8986859084877171
tabicl,0.2,1,symmetric_transitive,A04,1,none,symmetric,1,500,250,1750,0.3335047219879925,0.1558674860280007,0.8563566318106769,0.8267800212539851,0.8881278538812786,0.8508571428571429,0.5005714285714286,0.5377142857142857,778,163,98,711,0.9239196503574753,0.932479911810497
tabpfn,0.2,2,symmetric_transitive,A04,1,none,symmetric,1,500,250,1750,0.15577189705800265,0.41376456001307815,0.8130177514792899,0.8367844092570037,0.7905638665132336,0.8194285714285714,0.49657142857142855,0.46914285714285714,687,134,182,747,0.8992876259902609,0.8887999958202117
tabicl,0.2,2,symmetric_transitive,A04,1,none,symmetric,1,500,250,1750,0.3410640209913254,0.15401711303275079,0.7680652680652681,0.7780401416765053,0.7583429228998849,0.7725714285714286,0.49657142857142855,0.484,659,188,210,693,0.8594984465499838,0.8556901940858608
tabpfn,0.2,3,symmetric_transitive,A04,1,none,symmetric,1,500,250,1750,0.20688445505220443,0.43004783405922353,0.8414351851851852,0.8532863849765259,0.8299086757990868,0.8434285714285714,0.5005714285714286,0.4868571428571429,727,125,149,749,0.9251372362301751,0.9064717145753006
tabicl,0.2,3,symmetric_transitive,A04,1,none,symmetric,1,500,250,1750,0.33115082303993404,0.15438844193704426,0.7361492046077893,0.7085533262935586,0.7659817351598174,0.7251428571428571,0.5005714285714286,0.5411428571428571,671,276,205,598,0.8389001023593929,0.8208402557913544
tabpfn,0.2,4,symmetric_transitive,A04,1,none,symmetric,1,500,250,1750,0.16202407097443938,0.41596924199257046,0.8276237085372485,0.7829218106995884,0.8777393310265282,0.8188571428571428,0.49542857142857144,0.5554285714285714,761,211,106,672,0.939692602509014,0.9233398775538461
tabicl,0.2,4,symmetric_transitive,A04,1,none,symmetric,1,500,250,1750,0.35445592692121863,0.15416819194797426,0.8621867881548975,0.8515185601799775,0.8731257208765859,0.8617142857142858,0.49542857142857144,0.508,757,132,110,751,0.9234629295559719,0.9303700162364592
tabpfn,0.2,5,symmetric_transitive,A04,1,none,symmetric,1,500,250,1750,0.1621059289900586,0.4103439359460026,0.7778405879027699,0.7670011148272018,0.7889908256880734,0.7754285714285715,0.4982857142857143,0.5125714285714286,688,209,184,669,0.8719989599255609,0.8601733767319387
tabicl,0.2,5,symmetric_transitive,A04,1,none,symmetric,1,500,250,1750,0.33699060697108507,0.15412795497104526,0.7443214909726267,0.7562130177514793,0.7327981651376146,0.7491428571428571,0.4982857142857143,0.4828571428571429,639,206,233,672,0.8393897785399929,0.8290017450001046
tabpfn,0.2,6,symmetric_transitive,A04,1,none,symmetric,1,500,250,1750,0.1592840530211106,0.4173430260270834,0.8464634847613571,0.8608187134502924,0.832579185520362,0.8474285714285714,0.5051428571428571,0.48857142857142855,736,119,148,747,0.9133970256431294,0.9130905604380675
tabicl,0.2,6,symmetric_transitive,A04,1,none,symmetric,1,500,250,1750,0.3533509609987959,0.15461174095980823,0.7548682703321878,0.7645011600928074,0.745475113122172,0.7554285714285714,0.5051428571428571,0.49257142857142855,659,203,225,663,0.8393891697088445,0.8308026710417691
tabpfn,0.2,7,symmetric_transitive,A04,1,none,symmetric,1,500,250,1750,0.16224682901520282,0.4158658229280263,0.8146503884572697,0.790096878363832,0.8407789232531501,0.8091428571428572,0.49885714285714283,0.5308571428571428,734,195,139,682,0.9297802949085502,0.9131443625501391
tabicl,0.2,7,symmetric_transitive,A04,1,none,symmetric,1,500,250,1750,0.41851999098435044,0.15481253003235906,0.7596810933940774,0.7553793884484711,0.7640320733104238,0.7588571428571429,0.49885714285714283,0.5045714285714286,667,216,206,661,0.8410695860009167,0.8326012478759073
tabpfn,0.2,8,symmetric_transitive,A04,1,none,symmetric,1,500,250,1750,0.1587506040232256,0.41860583098605275,0.7781047675103002,0.8060975609756098,0.7519908987485779,0.7845714285714286,0.5022857142857143,0.4685714285714286,661,159,218,712,0.8778798845988096,0.862738029464126
tabicl,0.2,8,symmetric_transitive,A04,1,none,symmetric,1,500,250,1750,0.35178608796559274,0.15479618997778744,0.711825487944891,0.7184241019698725,0.7053469852104665,0.7131428571428572,0.5022857142857143,0.49314285714285716,620,243,259,628,0.8136778962586125,0.787000936509367
tabpfn,0.2,9,symmetric_transitive,A04,1,none,symmetric,1,500,250,1750,0.16141609207261354,0.4216427890351042,0.7961165048543689,0.7938496583143508,0.7983963344788088,0.796,0.49885714285714283,0.5017142857142857,697,181,176,696,0.8792164651761099,0.8850723791536543
tabicl,0.2,9,symmetric_transitive,A04,1,none,symmetric,1,500,250,1750,0.33431224897503853,0.15755892894230783,0.7756521739130435,0.7852112676056338,0.7663230240549829,0.7788571428571428,0.49885714285714283,0.4868571428571429,669,183,204,694,0.8793911197449358,0.8806367641430942
tabpfn,0.1,0,symmetric_transitive,A04,1,none,symmetric,1,250,250,2000,0.15213907102588564,0.4189900300698355,0.750501002004008,0.7445328031809145,0.7565656565656566,0.751,0.495,0.503,749,257,241,753,0.8339472956444274,0.8215046504650465
tabicl,0.1,0,symmetric_transitive,A04,1,none,symmetric,1,250,250,2000,0.34249421500135213,0.15032582904677838,0.8349033217649975,0.8198636806231743,0.8505050505050505,0.8335,0.495,0.5135,842,185,148,825,0.9013127702458289,0.9084198419841986
tabpfn,0.1,1,symmetric_transitive,A04,1,none,symmetric,1,250,250,2000,0.13555006007663906,0.41815164301078767,0.7682539682539683,0.6988448844884488,0.8529707955689829,0.7445,0.4965,0.606,847,365,146,642,0.7887748555651534,0.8234388485035766
tabicl,0.1,1,symmetric_transitive,A04,1,none,symmetric,1,250,250,2000,0.3375605350593105,0.15166924498043954,0.731586752347998,0.7184466019417476,0.7452165156092648,0.7285,0.4965,0.515,740,290,253,717,0.8135164087612714,0.8166340150667383
tabpfn,0.1,2,symmetric_transitive,A04,1,none,symmetric,1,250,250,2000,0.1403117310255766,0.42167067795526236,0.7765151515151515,0.7354260089686099,0.8224674022066198,0.764,0.4985,0.5575,820,295,177,708,0.837629185807204,0.839124552120969
tabicl,0.1,2,symmetric_transitive,A04,1,none,symmetric,1,250,250,2000,0.3408095919294283,0.15029354998841882,0.7906281156530409,0.7859266600594648,0.7953861584754263,0.79,0.4985,0.5045,793,216,204,787,0.8654639061750233,0.8608567477107295
tabpfn,0.1,3,symmetric_transitive,A04,1,none,symmetric,1,250,250,2000,0.15809212706517428,0.4183038929477334,0.6781485468245425,0.7411764705882353,0.625,0.701,0.504,0.425,630,220,378,772,0.7218380706499017,0.7540777609767025
tabicl,0.1,3,symmetric_transitive,A04,1,none,symmetric,1,250,250,2000,0.3429197040386498,0.15046015894040465,0.6718576195773082,0.7645569620253164,0.5992063492063492,0.705,0.504,0.395,604,186,404,806,0.7895492005557634,0.7969410042242704
tabpfn,0.1,4,symmetric_transitive,A04,1,none,symmetric,1,250,250,2000,0.15456084196921438,0.4178663539933041,0.742539200809307,0.7512794268167861,0.734,0.7455,0.5,0.4885,734,243,266,757,0.8130417930761371,0.8231055
tabicl,0.1,4,symmetric_transitive,A04,1,none,symmetric,1,250,250,2000,0.33071011397987604,0.15201880293898284,0.7596525096525096,0.7341417910447762,0.787,0.751,0.5,0.536,787,285,213,715,0.8343342641071381,0.829955
tabpfn,0.1,5,symmetric_transitive,A04,1,none,symmetric,1,250,250,2000,0.43552263104356825,0.4187582399463281,0.7376960519199567,0.7939464493597206,0.6888888888888889,0.7575,0.495,0.4295,682,177,308,833,0.8714461932810678,0.8395709570957095
tabicl,0.1,5,symmetric_transitive,A04,1,none,symmetric,1,250,250,2000,0.34818145202007145,0.14949527301359922,0.6629955947136564,0.7288135593220338,0.6080808080808081,0.694,0.495,0.413,602,224,388,786,0.7731624823824444,0.7713571357135715
tabpfn,0.1,6,symmetric_transitive,A04,1,none,symmetric,1,250,250,2000,0.1394256839994341,0.41869291104376316,0.7835926449787836,0.7308707124010554,0.8445121951219512,0.7705,0.492,0.5685,831,306,153,710,0.8753124429632038,0.8768244670635683
tabicl,0.1,6,symmetric_transitive,A04,1,none,symmetric,1,250,250,2000,0.42357387102674693,0.14783254894427955,0.7442307692307693,0.7062043795620438,0.7865853658536586,0.734,0.492,0.548,774,322,210,694,0.7920756231656381,0.7998717671723962
tabpfn,0.1,7,symmetric_transitive,A04,1,none,symmetric,1,250,250,2000,0.1537522739963606,0.4238094099564478,0.7622828784119107,0.757396449704142,0.7672327672327672,0.7605,0.5005,0.507,768,246,233,753,0.8540961442021158,0.8496848496848497
tabicl,0.1,7,symmetric_transitive,A04,1,none,symmetric,1,250,250,2000,0.3452901439741254,0.1486122360220179,0.8456973293768546,0.8374142997061704,0.8541458541458542,0.844,0.5005,0.5105,855,166,146,833,0.9143318372388475,0.9183939183939184
tabpfn,0.1,8,symmetric_transitive,A04,1,none,symmetric,1,250,250,2000,0.144759712042287,0.41897122899536043,0.7412140575079872,0.7927107061503417,0.696,0.757,0.5,0.439,696,182,304,818,0.8554904720244926,0.8409165000000001
tabicl,0.1,8,symmetric_transitive,A04,1,none,symmetric,1,250,250,2000,0.33592519199009985,0.14880898501724005,0.7573385518590998,0.7413793103448276,0.774,0.752,0.5,0.522,774,270,226,730,0.8266844477252222,0.822711
tabpfn,0.1,9,symmetric_transitive,A04,1,none,symmetric,1,250,250,2000,0.15372979501262307,0.41499847499653697,0.7762013729977116,0.7198641765704584,0.8421052631578947,0.7555,0.5035,0.589,848,330,159,663,0.7676913246719269,0.8165765122491002
tabicl,0.1,9,symmetric_transitive,A04,1,none,symmetric,1,250,250,2000,0.34397728904150426,0.1487215351080522,0.8012048192771084,0.8101522842639594,0.7924528301886793,0.802,0.5035,0.4925,798,187,209,806,0.8461755322057771,0.8669734817006034
tabpfn,0.8,0,antisymmetric_transitive,A05,1,none,antisymmetric,1,2000,250,250,0.2212268359726295,0.38347882602829486,0.8754716981132076,0.8923076923076924,0.8592592592592593,0.868,0.54,0.52,116,14,19,101,0.9300787924544767,0.9243800322061191
tabicl,0.8,0,antisymmetric_transitive,A05,1,none,antisymmetric,1,2000,250,250,0.3485005509573966,0.16696528100874275,0.7244094488188977,0.773109243697479,0.6814814814814815,0.72,0.54,0.476,92,27,43,88,0.8153741728475429,0.7908856682769727
tabpfn,0.8,1,antisymmetric_transitive,A05,1,none,antisymmetric,1,2000,250,250,0.24621366302017123,0.3795205019414425,0.8379446640316206,0.8617886178861789,0.8153846153846154,0.836,0.52,0.492,106,17,24,103,0.933587357758735,0.9323397435897436
tabicl,0.8,1,antisymmetric_transitive,A05,1,none,antisymmetric,1,2000,250,250,0.33444369805511087,0.16031077702064067,0.7351778656126482,0.7560975609756098,0.7153846153846154,0.732,0.52,0.492,93,30,37,90,0.8280478185725728,0.8100320512820511
tabpfn,0.8,2,antisymmetric_transitive,A05,1,none,antisymmetric,1,2000,250,250,0.22758005000650883,0.38113913603592664,0.810126582278481,0.8135593220338984,0.8067226890756303,0.82,0.476,0.472,96,22,23,109,0.8879838391058388,0.8923920713323498
tabicl,0.8,2,antisymmetric_transitive,A05,1,none,antisymmetric,1,2000,250,250,0.35634268692228943,0.161326504079625,0.6587301587301587,0.6240601503759399,0.6974789915966386,0.656,0.476,0.532,83,50,36,81,0.7357561240883495,0.755147860670986
tabpfn,0.8,3,antisymmetric_transitive,A05,1,none,antisymmetric,1,2000,250,250,0.21434044500347227,0.37884581403341144,0.900398406374502,0.9186991869918699,0.8828125,0.9,0.512,0.492,113,10,15,112,0.9481269106672309,0.9538934426229508
tabicl,0.8,3,antisymmetric_transitive,A05,1,none,antisymmetric,1,2000,250,250,0.3453868830110878,0.16324101598002017,0.7651515151515151,0.7426470588235294,0.7890625,0.752,0.512,0.544,101,35,27,87,0.8386255266791043,0.8254674692622951
tabpfn,0.8,4,antisymmetric_transitive,A05,1,none,antisymmetric,1,2000,250,250,0.21425699500832707,0.37787650898098946,0.8638132295719845,0.8604651162790697,0.8671875,0.86,0.512,0.516,111,18,17,104,0.9091301625208992,0.921202612704918
tabicl,0.8,4,antisymmetric_transitive,A05,1,none,antisymmetric,1,2000,250,250,0.3555180620169267,0.16104726400226355,0.7165354330708661,0.7222222222222222,0.7109375,0.712,0.512,0.504,91,35,37,87,0.8022313645104326,0.7996926229508197
tabpfn,0.8,5,antisymmetric_transitive,A05,1,none,antisymmetric,1,2000,250,250,0.20963274408131838,0.37956307199783623,0.8773234200743495,0.8805970149253731,0.8740740740740741,0.868,0.54,0.536,118,16,17,99,0.9361057576568123,0.9263446054750402
tabicl,0.8,5,antisymmetric_transitive,A05,1,none,antisymmetric,1,2000,250,250,0.4594135719817132,0.1609244749415666,0.7188612099644128,0.6917808219178082,0.7481481481481481,0.684,0.54,0.584,101,45,34,70,0.7959238427651425,0.7500805152979066
tabpfn,0.8,6,antisymmetric_transitive,A05,1,none,antisymmetric,1,2000,250,250,0.2167780650779605,0.3809382360195741,0.8515625,0.8320610687022901,0.872,0.848,0.5,0.524,109,22,16,103,0.9008477868642967,0.908032
tabicl,0.8,6,antisymmetric_transitive,A05,1,none,antisymmetric,1,2000,250,250,0.34391992003656924,0.16123240301385522,0.7294117647058823,0.7153846153846154,0.744,0.724,0.5,0.52,93,37,32,88,0.7946796413996626,0.790944
tabpfn,0.8,7,antisymmetric_transitive,A05,1,none,antisymmetric,1,2000,250,250,0.22057530807796866,0.37825908698141575,0.788135593220339,0.8157894736842105,0.7622950819672131,0.8,0.488,0.456,93,21,29,107,0.90743634487608,0.9086513831967213
tabicl,0.8,7,antisymmetric_transitive,A05,1,none,antisymmetric,1,2000,250,250,0.33821334200911224,0.1618972810683772,0.6641221374045801,0.6214285714285714,0.7131147540983607,0.648,0.488,0.56,87,53,35,75,0.7072288131585049,0.7143954918032787
tabpfn,0.8,8,antisymmetric_transitive,A05,1,none,antisymmetric,1,2000,250,250,0.22614356607664376,0.37946426193229854,0.8489795918367347,0.8739495798319328,0.8253968253968254,0.852,0.504,0.476,104,15,22,109,0.9520008468172464,0.9443164362519202
tabicl,0.8,8,antisymmetric_transitive,A05,1,none,antisymmetric,1,2000,250,250,0.3365450990386307,0.1610774250002578,0.768,0.7741935483870968,0.7619047619047619,0.768,0.504,0.496,96,28,30,96,0.8447421570604174,0.8273809523809524
tabpfn,0.8,9,antisymmetric_transitive,A05,1,none,antisymmetric,1,2000,250,250,0.22738947998732328,0.3867558229248971,0.7843137254901961,0.8130081300813008,0.7575757575757576,0.78,0.528,0.492,100,23,32,95,0.9048546552785075,0.8888032871083719
tabicl,0.8,9,antisymmetric_transitive,A05,1,none,antisymmetric,1,2000,250,250,0.345811911043711,0.1632313160225749,0.6717557251908397,0.676923076923077,0.6666666666666666,0.656,0.528,0.52,88,42,44,76,0.807828584466408,0.767205957883924
tabpfn,0.4,0,antisymmetric_transitive,A05,1,none,antisymmetric,1,1000,250,1250,0.18248950596898794,0.4125558560481295,0.7943706020328382,0.7987421383647799,0.7900466562986003,0.7896,0.5144,0.5088,508,128,135,479,0.8664428489132618,0.8665248103386873
tabicl,0.4,0,antisymmetric_transitive,A05,1,none,antisymmetric,1,1000,250,1250,0.3492928770137951,0.1798458870034665,0.743211792086889,0.7414860681114551,0.744945567651633,0.7352,0.5144,0.5168,479,167,164,440,0.8198192727375812,0.8113994071242452
tabpfn,0.4,1,antisymmetric_transitive,A05,1,none,antisymmetric,1,1000,250,1250,0.18934604700189084,0.4128276149276644,0.7862289831865492,0.7830940988835726,0.7893890675241158,0.7864,0.4976,0.5016,491,136,131,492,0.8652381487169437,0.8629805230712515
tabicl,0.4,1,antisymmetric_transitive,A05,1,none,antisymmetric,1,1000,250,1250,0.3464115000097081,0.18120753101538867,0.6778309409888357,0.6724683544303798,0.6832797427652733,0.6768,0.4976,0.5056,425,207,197,421,0.7235957262180222,0.7370000204804719
tabpfn,0.4,2,antisymmetric_transitive,A05,1,none,antisymmetric,1,1000,250,1250,0.17165011097677052,0.41038368502631783,0.7587327376116978,0.7757475083056479,0.7424483306836248,0.7624,0.5032,0.4816,467,135,162,486,0.8348436536293067,0.8413643822850985
tabicl,0.4,2,antisymmetric_transitive,A05,1,none,antisymmetric,1,1000,250,1250,0.3526339129311964,0.1821187479654327,0.6953696181965882,0.7109634551495017,0.6804451510333863,0.7,0.5032,0.4816,428,174,201,447,0.7784121717640631,0.7694932784446852
tabpfn,0.4,3,antisymmetric_transitive,A05,1,none,antisymmetric,1,1000,250,1250,0.18060969398356974,0.41079541202634573,0.7378800328677074,0.7446102819237148,0.7312703583061889,0.7448,0.4912,0.4824,449,154,165,482,0.8197333935046163,0.8252604326716244
tabicl,0.4,3,antisymmetric_transitive,A05,1,none,antisymmetric,1,1000,250,1250,0.3418479870306328,0.18027792603243142,0.6549520766773163,0.6426332288401254,0.6677524429967426,0.6544,0.4912,0.5104,410,228,204,408,0.7205249699615518,0.7273318583164321
tabpfn,0.4,4,antisymmetric_transitive,A05,1,none,antisymmetric,1,1000,250,1250,0.17258765699807554,0.40832993399817497,0.7714949651432997,0.7366863905325444,0.8097560975609757,0.764,0.492,0.5408,498,178,117,457,0.8367094860825066,0.8439574931182385
tabicl,0.4,4,antisymmetric_transitive,A05,1,none,antisymmetric,1,1000,250,1250,0.394937778939493,0.17997650697361678,0.6854103343465046,0.6433666191155493,0.7333333333333333,0.6688,0.492,0.5608,451,250,164,385,0.6901144934914929,0.7283170091543435
tabpfn,0.4,5,antisymmetric_transitive,A05,1,none,antisymmetric,1,1000,250,1250,0.18532269401475787,0.4079674750100821,0.7789473684210526,0.7708333333333334,0.7872340425531915,0.7816,0.4888,0.4992,481,143,130,496,0.8515515942767817,0.8596057157639417
tabicl,0.4,5,antisymmetric_transitive,A05,1,none,antisymmetric,1,1000,250,1250,0.34562878299038857,0.18003104603849351,0.6831913245546088,0.6485294117647059,0.7217675941080196,0.6728,0.4888,0.544,441,239,170,400,0.7188809780152797,0.7341616529509847
tabpfn,0.4,6,antisymmetric_transitive,A05,1,none,antisymmetric,1,1000,250,1250,0.1762591910082847,0.4114149409579113,0.759392486011191,0.7636655948553055,0.7551669316375199,0.7592,0.5032,0.4976,475,147,154,474,0.8579963067660817,0.8530013389348428
tabicl,0.4,6,antisymmetric_transitive,A05,1,none,antisymmetric,1,1000,250,1250,0.34370203991420567,0.1824336260324344,0.6710310965630114,0.6913996627318718,0.6518282988871225,0.6784,0.5032,0.4744,410,183,219,438,0.7440165614434011,0.7486924264417871
tabpfn,0.4,7,antisymmetric_transitive,A05,1,none,antisymmetric,1,1000,250,1250,0.17728719802107662,0.41225508600473404,0.7865707434052758,0.7557603686635944,0.82,0.7864,0.48,0.5208,492,159,108,491,0.8712279866541217,0.8768705128205129
tabicl,0.4,7,antisymmetric_transitive,A05,1,none,antisymmetric,1,1000,250,1250,0.34738169505726546,0.18195288791321218,0.6868044515103339,0.6565349544072948,0.72,0.6848,0.48,0.5264,432,226,168,424,0.7293763364910674,0.7555923076923077
tabpfn,0.4,8,antisymmetric_transitive,A05,1,none,antisymmetric,1,1000,250,1250,0.17668293009046465,0.423048491938971,0.7615262321144675,0.7391975308641975,0.7852459016393443,0.76,0.488,0.5184,479,169,131,471,0.8198488962065766,0.8338614241803279
tabicl,0.4,8,antisymmetric_transitive,A05,1,none,antisymmetric,1,1000,250,1250,0.34617145895026624,0.18084588402416557,0.7223548130469372,0.7017001545595054,0.7442622950819672,0.7208,0.488,0.5176,454,193,156,447,0.7784329927563625,0.7957146516393443
tabpfn,0.4,9,antisymmetric_transitive,A05,1,none,antisymmetric,1,1000,250,1250,0.24491462798323482,0.4147863369435072,0.7794955248169243,0.8104906937394247,0.7507836990595611,0.7832,0.5104,0.4728,479,112,159,500,0.8642102988432406,0.8558787673899235
tabicl,0.4,9,antisymmetric_transitive,A05,1,none,antisymmetric,1,1000,250,1250,0.3718485140707344,0.1803731149993837,0.7150837988826816,0.7284552845528456,0.7021943573667712,0.7144,0.5104,0.492,448,167,190,445,0.7815934545543126,0.7742088737271293
tabpfn,0.2,0,antisymmetric_transitive,A05,1,none,antisymmetric,1,500,250,1750,0.15798988693859428,0.41498053702525795,0.6929133858267716,0.6829268292682927,0.7031963470319634,0.688,0.5005714285714286,0.5154285714285715,616,286,260,588,0.7677854790557238,0.7662703885980584
tabicl,0.2,0,antisymmetric_transitive,A05,1,none,antisymmetric,1,500,250,1750,0.34708449605386704,0.15454146196134388,0.671892497200448,0.6593406593406593,0.684931506849315,0.6651428571428571,0.5005714285714286,0.52,600,310,276,564,0.7312798836520268,0.7388809650690156
tabpfn,0.2,1,antisymmetric_transitive,A05,1,none,antisymmetric,1,500,250,1750,0.16597896406892687,0.4164744600420818,0.6519607843137255,0.7189189189189189,0.5964125560538116,0.6754285714285714,0.5097142857142857,0.4228571428571429,532,208,360,650,0.7821418875638231,0.7642042188006313
tabicl,0.2,1,antisymmetric_transitive,A05,1,none,antisymmetric,1,500,250,1750,0.35215475503355265,0.15455530094914138,0.639225181598063,0.6947368421052632,0.5919282511210763,0.6594285714285715,0.5097142857142857,0.4342857142857143,528,232,364,626,0.7278014451232317,0.7267892794798624
tabpfn,0.2,2,antisymmetric_transitive,A05,1,none,antisymmetric,1,500,250,1750,0.16171638201922178,0.415836772066541,0.765625,0.7408207343412527,0.792147806004619,0.76,0.4948571428571429,0.5291428571428571,686,240,180,644,0.866121573020119,0.8590623138578579
tabicl,0.2,2,antisymmetric_transitive,A05,1,none,antisymmetric,1,500,250,1750,0.3485293210251257,0.1552625480107963,0.6416382252559727,0.6322869955156951,0.651270207852194,0.64,0.4948571428571429,0.5097142857142857,564,328,302,556,0.6827031499233195,0.6969214049094501
tabpfn,0.2,3,antisymmetric_transitive,A05,1,none,antisymmetric,1,500,250,1750,0.16193516098428518,0.4177922239759937,0.7233802816901408,0.7157190635451505,0.7312072892938497,0.7194285714285714,0.5017142857142857,0.5125714285714286,642,255,236,617,0.8024473479722237,0.794192519487576
tabicl,0.2,3,antisymmetric_transitive,A05,1,none,antisymmetric,1,500,250,1750,0.3894364919979125,0.155271676951088,0.7209302325581395,0.7363420427553444,0.7061503416856492,0.7257142857142858,0.5017142857142857,0.48114285714285715,620,222,258,650,0.8044764265342121,0.8055918371611879
tabpfn,0.2,4,antisymmetric_transitive,A05,1,none,antisymmetric,1,500,250,1750,0.15767820796463639,0.416264469968155,0.6925795053003534,0.7286245353159851,0.6599326599326599,0.7017142857142857,0.5091428571428571,0.46114285714285713,588,219,303,640,0.7957231517905803,0.7959200072122075
tabicl,0.2,4,antisymmetric_transitive,A05,1,none,antisymmetric,1,500,250,1750,0.3493476959411055,0.15534688904881477,0.6620847651775487,0.6760233918128655,0.6487093153759821,0.6628571428571428,0.5091428571428571,0.48857142857142855,578,277,313,582,0.7343395698584844,0.7297225259972641
tabpfn,0.2,5,antisymmetric_transitive,A05,1,none,antisymmetric,1,500,250,1750,0.43738556397147477,0.4184562909649685,0.6968272620446534,0.7144578313253012,0.680045871559633,0.7051428571428572,0.4982857142857143,0.4742857142857143,593,237,279,641,0.7866133040596879,0.7860879344214331
tabicl,0.2,5,antisymmetric_transitive,A05,1,none,antisymmetric,1,500,250,1750,0.34566889191046357,0.1548732299124822,0.734073641145529,0.7485101311084624,0.7201834862385321,0.74,0.4982857142857143,0.4794285714285714,628,211,244,667,0.831156285845089,0.8264142860128316
tabpfn,0.2,6,antisymmetric_transitive,A05,1,none,antisymmetric,1,500,250,1750,0.16136655292939395,0.42182012810371816,0.7583732057416268,0.8107416879795396,0.7123595505617978,0.7691428571428571,0.5085714285714286,0.44685714285714284,634,148,256,712,0.8673828109211699,0.8627763261039979
tabicl,0.2,6,antisymmetric_transitive,A05,1,none,antisymmetric,1,500,250,1750,0.36093902005814016,0.16111013398040086,0.727906976744186,0.7542168674698795,0.7033707865168539,0.7325714285714285,0.5085714285714286,0.4742857142857143,626,204,264,656,0.8137680995404655,0.8064332375228638
tabpfn,0.2,7,antisymmetric_transitive,A05,1,none,antisymmetric,1,500,250,1750,0.15710627101361752,0.41933865705505013,0.7048158640226629,0.6957494407158836,0.7141216991963261,0.7022857142857143,0.4977142857142857,0.5108571428571429,622,272,249,607,0.7969070112991021,0.7882287172695202
tabicl,0.2,7,antisymmetric_transitive,A05,1,none,antisymmetric,1,500,250,1750,0.35685244598425925,0.15935388207435608,0.6635514018691588,0.6753864447086801,0.6521239954075775,0.6708571428571428,0.4977142857142857,0.4805714285714286,568,273,303,606,0.731560375318522,0.7419217903655783
tabpfn,0.2,8,antisymmetric_transitive,A05,1,none,antisymmetric,1,500,250,1750,0.15691616106778383,0.41743318596854806,0.7126567844925884,0.7078142695356738,0.7175660160734788,0.712,0.4977142857142857,0.5045714285714286,625,258,246,621,0.7949365781884279,0.7894049051147518
tabicl,0.2,8,antisymmetric_transitive,A05,1,none,antisymmetric,1,500,250,1750,0.3476068149320781,0.1599818189861253,0.6659242761692651,0.6464864864864864,0.6865671641791045,0.6571428571428571,0.4977142857142857,0.5285714285714286,598,327,273,552,0.7191106018826137,0.7265902046606035
tabpfn,0.2,9,antisymmetric_transitive,A05,1,none,antisymmetric,1,500,250,1750,0.16529109701514244,0.41754642501473427,0.733292458614347,0.8026845637583893,0.6749435665914221,0.7514285714285714,0.5062857142857143,0.4257142857142857,598,147,288,717,0.8347982006572852,0.8433809620851098
tabicl,0.2,9,antisymmetric_transitive,A05,1,none,antisymmetric,1,500,250,1750,0.348702278919518,0.1582463759696111,0.7212522576760987,0.7729032258064517,0.6760722347629797,0.7354285714285714,0.5062857142857143,0.44285714285714284,599,176,287,688,0.8281996688947557,0.8250538207507734
tabpfn,0.1,0,antisymmetric_transitive,A05,1,none,antisymmetric,1,250,250,2000,0.16234203905332834,0.41490322595927864,0.6571428571428571,0.7009029345372461,0.6185258964143426,0.676,0.502,0.443,621,265,383,731,0.7226233098843644,0.7350592609481752
tabicl,0.1,0,antisymmetric_transitive,A05,1,none,antisymmetric,1,250,250,2000,0.35061565099749714,0.14770038006827235,0.6968898260411176,0.7402015677491601,0.6583665338645418,0.7125,0.502,0.4465,661,232,343,764,0.7551659794957766,0.7723293572697164
tabpfn,0.1,1,antisymmetric_transitive,A05,1,none,antisymmetric,1,250,250,2000,0.1416134350001812,0.41338241193443537,0.6502705361534677,0.6331417624521073,0.6683518705763397,0.6445,0.4945,0.522,661,383,328,628,0.7202081652061363,0.7064129759700924
tabicl,0.1,1,antisymmetric_transitive,A05,1,none,antisymmetric,1,250,250,2000,0.3401503630448133,0.1490275850519538,0.6745213549337261,0.6555343511450382,0.6946410515672397,0.6685,0.4945,0.524,687,361,302,650,0.6966407768836487,0.7136613530237159
tabpfn,0.1,2,antisymmetric_transitive,A05,1,none,antisymmetric,1,250,250,2000,0.14503242098726332,0.4156581429997459,0.6912820512820513,0.7042842215256009,0.6787512588116817,0.699,0.4965,0.4785,674,283,319,724,0.7541431087956173,0.7468970979577998
tabicl,0.1,2,antisymmetric_transitive,A05,1,none,antisymmetric,1,250,250,2000,0.4229769129306078,0.14904896495863795,0.7307692307692307,0.7344862665310274,0.7270896273917422,0.734,0.4965,0.4915,722,261,271,746,0.782462900164969,0.8002892141714945
tabpfn,0.1,3,antisymmetric_transitive,A05,1,none,antisymmetric,1,250,250,2000,0.1417606039904058,0.42447703692596406,0.6712505371723249,0.5824011931394482,0.7920892494929006,0.6175,0.493,0.6705,781,560,205,454,0.6868527797539226,0.7025311961144385
tabicl,0.1,3,antisymmetric_transitive,A05,1,none,antisymmetric,1,250,250,2000,0.35679092502687126,0.149166664108634,0.6331417624521073,0.5998185117967332,0.6703853955375254,0.617,0.493,0.551,661,441,325,573,0.6729812023827751,0.6870391596752963
tabpfn,0.1,4,antisymmetric_transitive,A05,1,none,antisymmetric,1,250,250,2000,0.1472715319832787,0.4213608290301636,0.618066561014263,0.6617647058823529,0.5797819623389494,0.6385,0.5045,0.442,585,299,424,692,0.6702192968272485,0.6962553966871317
tabicl,0.1,4,antisymmetric_transitive,A05,1,none,antisymmetric,1,250,250,2000,0.3799549100222066,0.15013150905724615,0.7489072365225837,0.7342857142857143,0.7641228939544104,0.7415,0.5045,0.525,771,279,238,712,0.7989208296401763,0.8124958121607849
tabpfn,0.1,5,antisymmetric_transitive,A05,1,none,antisymmetric,1,250,250,2000,0.1416797450510785,0.42157203890383244,0.6633515663848831,0.6482021379980564,0.6792260692464358,0.6615,0.491,0.5145,667,362,315,656,0.6999634390577071,0.7263528383196156
tabicl,0.1,5,antisymmetric_transitive,A05,1,none,antisymmetric,1,250,250,2000,0.34940815705340356,0.15039884799625725,0.6669842782277274,0.6266786034019696,0.7128309572301426,0.6505,0.491,0.5585,700,417,282,601,0.7102845271065918,0.723345363897903
tabpfn,0.1,6,antisymmetric_transitive,A05,1,none,antisymmetric,1,250,250,2000,0.13951195403933525,0.4210231800097972,0.658965896589659,0.7304878048780488,0.6002004008016032,0.69,0.499,0.41,599,221,399,781,0.7386015250184148,0.7574695298781196
tabicl,0.1,6,antisymmetric_transitive,A05,1,none,antisymmetric,1,250,250,2000,0.343035242985934,0.14995143993292004,0.6414166256763404,0.629951690821256,0.6533066132264529,0.6355,0.499,0.5175,652,383,346,619,0.6771526986107395,0.6901437605750422
tabpfn,0.1,7,antisymmetric_transitive,A05,1,none,antisymmetric,1,250,250,2000,0.1495493520051241,0.4208958719391376,0.6435432230522946,0.6995359628770301,0.5958498023715415,0.666,0.506,0.431,603,259,409,729,0.7329056467853132,0.7413887599814373
tabicl,0.1,7,antisymmetric_transitive,A05,1,none,antisymmetric,1,250,250,2000,0.35281886206939816,0.14942488307133317,0.6478728856996412,0.6730564430244942,0.6245059288537549,0.6565,0.506,0.4695,632,307,380,681,0.7119799577450083,0.7179073786625274
tabpfn,0.1,8,antisymmetric_transitive,A05,1,none,antisymmetric,1,250,250,2000,0.14585633703973144,0.4209376220824197,0.71408516612073,0.6698858647936786,0.7645290581162325,0.6945,0.499,0.5695,763,376,235,626,0.7422193752519184,0.7549795199180798
tabicl,0.1,8,antisymmetric_transitive,A05,1,none,antisymmetric,1,250,250,2000,0.34086849295999855,0.14977840101346374,0.6934125804853888,0.6856023506366308,0.7014028056112225,0.6905,0.499,0.5105,700,321,298,681,0.7658697360115683,0.7702860811443246
tabpfn,0.1,9,antisymmetric_transitive,A05,1,none,antisymmetric,1,250,250,2000,0.1481192579958588,0.4223304759943858,0.6959921798631477,0.6819923371647509,0.7105788423153693,0.689,0.501,0.522,712,332,290,666,0.7533399988933871,0.7507715030860125
tabicl,0.1,9,antisymmetric_transitive,A05,1,none,antisymmetric,1,250,250,2000,0.3522494740318507,0.1500655000563711,0.7017369727047147,0.6979269496544916,0.7055888223552894,0.6995,0.501,0.5065,707,306,295,692,0.7674538091768526,0.762881051524206
